Lead_Id,LeadSource,Industry,Title,Country,NumberOfEmployees,AnnualRevenue,Email_Domain_Type,CreatedDate,Converted
00Q0000000,Webinar,Telecommunications,Manager,USA,123,5466000.0,Personnel,2024-10-25,0
00Q0000001,Social Media,Technology,Individual Contributor,Canada,145,12406000.0,Professionnel,2025-12-07,0
00Q0000002,Web,Shipping,VP,France,60,6249000.0,Personnel,2025-03-17,0
00Q0000003,Web,Manufacturing,Team Lead,Canada,439,48305000.0,Professionnel,2025-09-09,0
00Q0000004,Trade Show,Government,Individual Contributor,Spain,99,5620000.0,Personnel,2024-10-13,0
00Q0000005,Purchased List,Banking,Director,UK,46,1583000.0,Professionnel,2024-11-28,0
00Q0000006,Purchased List,Hospitality,Individual Contributor,USA,570,29889000.0,Personnel,2025-04-14,0
00Q0000007,Advertisement,Retail,Individual Contributor,Spain,47,2693000.0,Professionnel,2026-09-06,0
00Q0000008,Purchased List,Retail,Team Lead,Netherlands,54,7308000.0,Personnel,2026-03-19,0
00Q0000009,Phone Inquiry,Banking,Manager,USA,138,4413000.0,Personnel,2025-11-07,0
00Q0000010,Email Campaign,Hospitality,Team Lead,Canada,97,2799000.0,Professionnel,2026-02-13,0
00Q0000011,Phone Inquiry,Finance,VP,Germany,457,20737000.0,Professionnel,2025-02-27,1
00Q0000012,Trade Show,Banking,Manager,Morocco,25,1868000.0,Professionnel,2025-02-10,1
00Q0000013,Phone Inquiry,Finance,Manager,Morocco,20,1406000.0,Personnel,2026-05-29,0
00Q0000014,Cold Call,Shipping,Individual Contributor,USA,36,2276000.0,Personnel,2026-09-02,0
00Q0000015,Advertisement,Consulting,Director,USA,18,1843000.0,Professionnel,2025-02-25,1
00Q0000016,Web,Apparel,VP,USA,157,7681000.0,Professionnel,2025-03-23,1
00Q0000017,Partner Referral,Banking,Team Lead,France,22,1628000.0,Professionnel,2025-03-31,1
00Q0000018,Purchased List,Agriculture,Intern,USA,8,258000.0,Personnel,2026-09-08,0
00Q0000019,Purchased List,Media,Manager,India,63,12018000.0,Professionnel,2024-11-17,1
00Q0000020,Phone Inquiry,Energy,Senior Manager,UK,283,10341000.0,Professionnel,2025-10-01,1
00Q0000021,Public Relations,Biotechnology,Director,India,71,5147000.0,Personnel,2025-03-02,0
00Q0000022,Email Campaign,Finance,Director,USA,46,2554000.0,Professionnel,2026-08-08,1
00Q0000023,Social Media,Electronics,Senior Manager,Italy,123,10605000.0,Personnel,2024-11-01,0
00Q0000024,Phone Inquiry,Media,Manager,France,3,169000.0,Personnel,2026-01-27,0
00Q0000025,Web,Apparel,Senior Manager,USA,96,9754000.0,Professionnel,2025-12-24,1
00Q0000026,Web,Technology,Manager,UK,189,14154000.0,Professionnel,2025-02-04,0
00Q0000027,Partner Referral,Engineering,Team Lead,France,173,2598000.0,Personnel,2024-12-18,0
00Q0000028,Advertisement,Machinery,Manager,France,63,2964000.0,Professionnel,2025-08-25,0
00Q0000029,Purchased List,Food & Beverage,Intern,Spain,62,4999000.0,Professionnel,2026-02-11,0
00Q0000030,Advertisement,Finance,Director,USA,21,1440000.0,Personnel,2026-01-20,0
00Q0000031,Employee Referral,Retail,Team Lead,UAE,17,1201000.0,Personnel,2025-04-29,0
00Q0000032,Purchased List,Chemicals,Team Lead,India,3,262000.0,Professionnel,2026-05-16,0
00Q0000033,Webinar,Consulting,Senior Manager,France,220,13560000.0,Professionnel,2026-04-08,0
00Q0000034,Phone Inquiry,Healthcare,Individual Contributor,USA,310,22218000.0,Professionnel,2025-11-29,1
00Q0000035,Employee Referral,Food & Beverage,Individual Contributor,USA,30,1297000.0,Professionnel,2025-07-14,0
00Q0000036,Purchased List,Transportation,Individual Contributor,UAE,124,14218000.0,Professionnel,2025-07-15,0
00Q0000037,Cold Call,Telecommunications,Individual Contributor,Germany,42,7651000.0,Personnel,2026-05-10,0
00Q0000038,Phone Inquiry,Healthcare,Individual Contributor,Morocco,17,1615000.0,Professionnel,2025-10-17,0
00Q0000039,Web,Technology,Director,USA,34,4674000.0,Personnel,2026-01-07,0
00Q0000040,Cold Call,Transportation,Individual Contributor,USA,108,15602000.0,Professionnel,2025-01-04,0
00Q0000041,Web,Food & Beverage,Individual Contributor,Germany,565,15801000.0,Personnel,2026-01-12,0
00Q0000042,Social Media,Retail,Intern,Germany,49,2240000.0,Professionnel,2025-07-14,0
00Q0000043,Phone Inquiry,Engineering,Individual Contributor,USA,6,388000.0,Professionnel,2025-01-19,0
00Q0000044,Web,Finance,Individual Contributor,France,30,2157000.0,Professionnel,2025-10-20,1
00Q0000045,Web,Finance,Team Lead,France,81,8440000.0,Professionnel,2026-08-31,0
00Q0000046,Purchased List,Healthcare,Director,Canada,79,3498000.0,Professionnel,2024-09-28,0
00Q0000047,Trade Show,Communications,Individual Contributor,France,152,12779000.0,Professionnel,2025-03-29,1
00Q0000048,Social Media,Consulting,Individual Contributor,Germany,19,595000.0,Personnel,2024-12-03,0
00Q0000049,Web,Electronics,Individual Contributor,USA,68,3646000.0,Professionnel,2026-07-25,0
00Q0000050,Purchased List,Education,Individual Contributor,India,112,8691000.0,Personnel,2025-08-24,0
00Q0000051,Web,Education,Team Lead,UK,39,2840000.0,Professionnel,2026-07-03,1
00Q0000052,Advertisement,Shipping,Manager,UK,46,1897000.0,Personnel,2025-01-22,0
00Q0000053,Partner Referral,Manufacturing,Senior Manager,UK,16,1059000.0,Professionnel,2024-10-12,0
00Q0000054,Cold Call,Engineering,Manager,India,650,71568000.0,Professionnel,2026-01-26,1
00Q0000055,Social Media,Communications,Manager,Morocco,74,7477000.0,Professionnel,2024-12-06,0
00Q0000056,Social Media,Telecommunications,Manager,France,31,1550000.0,Personnel,2025-08-03,0
00Q0000057,Purchased List,Energy,Manager,Morocco,1393,118925000.0,Professionnel,2026-03-09,1
00Q0000058,Public Relations,Healthcare,C-Level,Morocco,49,2887000.0,Professionnel,2026-01-15,1
00Q0000059,Purchased List,Manufacturing,Individual Contributor,UK,18,911000.0,Professionnel,2025-06-07,0
00Q0000060,Phone Inquiry,Technology,Team Lead,Netherlands,276,27525000.0,Personnel,2025-04-16,0
00Q0000061,Social Media,Communications,Director,Morocco,71,2054000.0,Professionnel,2025-10-23,0
00Q0000062,Webinar,Media,Director,India,67,2909000.0,Professionnel,2024-11-07,1
00Q0000063,Social Media,Manufacturing,Senior Manager,Canada,22,1174000.0,Professionnel,2024-10-27,0
00Q0000064,Web,Healthcare,C-Level,France,238,4610000.0,Personnel,2025-06-20,1
00Q0000065,Social Media,Energy,Director,UAE,34,2558000.0,Professionnel,2025-01-01,1
00Q0000066,Cold Call,Healthcare,Intern,Canada,80,5951000.0,Professionnel,2025-09-29,0
00Q0000067,Employee Referral,Technology,Individual Contributor,Spain,59,1757000.0,Professionnel,2024-11-12,0
00Q0000068,Advertisement,Transportation,Team Lead,Netherlands,200,17827000.0,Professionnel,2026-01-04,0
00Q0000069,Partner Referral,Education,Director,Italy,42,3415000.0,Professionnel,2025-11-19,0
00Q0000070,Cold Call,Healthcare,Individual Contributor,Italy,49,2217000.0,Personnel,2025-05-12,0
00Q0000071,Employee Referral,Food & Beverage,C-Level,UK,13,1048000.0,Personnel,2025-02-24,1
00Q0000072,Advertisement,Consulting,Manager,India,291,28444000.0,Personnel,2026-05-30,0
00Q0000073,Email Campaign,Healthcare,Manager,USA,158,17067000.0,Professionnel,2026-08-02,0
00Q0000074,Trade Show,Transportation,Individual Contributor,Canada,20,2371000.0,Personnel,2025-07-15,0
00Q0000075,Web,Government,Manager,India,18,638000.0,Professionnel,2025-09-11,0
00Q0000076,Cold Call,Technology,Senior Manager,India,68,3546000.0,Professionnel,2025-01-14,0
00Q0000077,Web,Entertainment,Director,USA,120,10936000.0,Personnel,2025-01-15,0
00Q0000078,Phone Inquiry,Retail,Manager,USA,10,886000.0,Professionnel,2026-03-23,1
00Q0000079,Purchased List,Consulting,Intern,USA,131,3725000.0,Personnel,2024-11-12,0
00Q0000080,Partner Referral,Retail,Director,Germany,44,2358000.0,Professionnel,2026-06-27,1
00Q0000081,Social Media,Media,Individual Contributor,Canada,122,7378000.0,Personnel,2026-05-23,0
00Q0000082,Partner Referral,Healthcare,Senior Manager,India,78,3448000.0,Professionnel,2026-06-12,1
00Q0000083,Trade Show,Biotechnology,Senior Manager,USA,17,1520000.0,Professionnel,2026-07-18,0
00Q0000084,Purchased List,Engineering,Senior Manager,UK,394,16429000.0,Professionnel,2024-11-14,0
00Q0000085,Web,Shipping,Individual Contributor,France,62,7685000.0,Personnel,2025-02-24,0
00Q0000086,Webinar,Communications,VP,UK,173,24919000.0,Professionnel,2026-04-25,1
00Q0000087,Web,Energy,Team Lead,France,48,8855000.0,Personnel,2026-04-11,0
00Q0000088,Web,Government,Manager,UK,85,1963000.0,Professionnel,2025-07-04,0
00Q0000089,Employee Referral,Not For Profit,Manager,Netherlands,206,5664000.0,Professionnel,2026-05-08,0
00Q0000090,Cold Call,Retail,Individual Contributor,UK,133,11532000.0,Professionnel,2026-08-27,0
00Q0000091,Phone Inquiry,Food & Beverage,VP,Germany,18,964000.0,Personnel,2025-10-05,0
00Q0000092,Web,Construction,Individual Contributor,Canada,4,285000.0,Professionnel,2025-12-29,0
00Q0000093,Cold Call,Healthcare,Intern,France,956,28612000.0,Professionnel,2024-12-06,0
00Q0000094,Partner Referral,Consulting,VP,Netherlands,74,9347000.0,Professionnel,2026-07-04,1
00Q0000095,Purchased List,Electronics,Team Lead,France,151,8295000.0,Personnel,2026-08-06,0
00Q0000096,Cold Call,Telecommunications,Manager,Morocco,26,1566000.0,Professionnel,2025-06-26,0
00Q0000097,Advertisement,Healthcare,Team Lead,Canada,137,10044000.0,Professionnel,2025-02-23,0
00Q0000098,Advertisement,Manufacturing,Manager,India,313,20695000.0,Professionnel,2024-11-15,0
00Q0000099,Web,Government,Manager,USA,747,163492000.0,Personnel,2025-03-27,0
00Q0000100,Web,Engineering,Director,Spain,415,34877000.0,Personnel,2026-04-12,1
00Q0000101,Webinar,Electronics,Director,Morocco,18,586000.0,Professionnel,2024-10-08,0
00Q0000102,Phone Inquiry,Banking,Intern,Italy,150,8288000.0,Personnel,2025-06-15,0
00Q0000103,Cold Call,Electronics,Individual Contributor,USA,119,24868000.0,Professionnel,2025-07-16,0
00Q0000104,Phone Inquiry,Hospitality,Senior Manager,UAE,1097,69922000.0,Personnel,2026-05-13,0
00Q0000105,Employee Referral,Manufacturing,VP,USA,29,1481000.0,Professionnel,2025-04-21,1
00Q0000106,Purchased List,Technology,VP,France,58,2936000.0,Personnel,2025-05-25,0
00Q0000107,Advertisement,Energy,VP,Netherlands,96,4207000.0,Professionnel,2025-07-15,0
00Q0000108,Trade Show,Banking,Manager,Canada,111,8745000.0,Professionnel,2026-09-16,1
00Q0000109,Phone Inquiry,Technology,Individual Contributor,France,101,4888000.0,Professionnel,2025-08-31,0
00Q0000110,Partner Referral,Media,Individual Contributor,Canada,314,27020000.0,Professionnel,2025-03-07,1
00Q0000111,Email Campaign,Insurance,Intern,UK,5,69000.0,Personnel,2025-10-29,0
00Q0000112,Phone Inquiry,Chemicals,Manager,Morocco,180,5505000.0,Personnel,2025-10-13,0
00Q0000113,Public Relations,Technology,Manager,Italy,9,275000.0,Professionnel,2026-06-25,0
00Q0000114,Web,Education,Manager,Canada,58,4410000.0,Professionnel,2025-07-08,1
00Q0000115,Email Campaign,Retail,Manager,Spain,400,19642000.0,Personnel,2026-04-07,0
00Q0000116,Employee Referral,Hospitality,Manager,UK,55,3924000.0,Personnel,2025-09-03,0
00Q0000117,Phone Inquiry,Energy,Team Lead,India,89,5807000.0,Professionnel,2025-06-18,1
00Q0000118,Email Campaign,Engineering,Team Lead,India,7,760000.0,Professionnel,2025-11-24,0
00Q0000119,Email Campaign,Technology,Manager,Canada,31,934000.0,Professionnel,2024-12-30,0
00Q0000120,Purchased List,Government,Senior Manager,Belgium,64,4185000.0,Professionnel,2026-07-04,0
00Q0000121,Email Campaign,Finance,Individual Contributor,UK,562,21311000.0,Professionnel,2025-10-22,0
00Q0000122,Purchased List,Insurance,Director,India,27,3089000.0,Professionnel,2024-12-27,0
00Q0000123,Email Campaign,Food & Beverage,Senior Manager,USA,399,34749000.0,Professionnel,2026-08-02,1
00Q0000124,Purchased List,Chemicals,Team Lead,France,118,17052000.0,Professionnel,2025-11-12,0
00Q0000125,Cold Call,Retail,Manager,UK,86,6041000.0,Personnel,2025-09-29,0
00Q0000126,Social Media,Education,Intern,UAE,81,3639000.0,Professionnel,2025-08-20,0
00Q0000127,Purchased List,Communications,Director,France,39,5075000.0,Professionnel,2025-08-11,0
00Q0000128,Purchased List,Environmental,Team Lead,Spain,81,6546000.0,Professionnel,2026-05-30,0
00Q0000129,Social Media,Energy,Manager,USA,19,469000.0,Personnel,2025-12-05,0
00Q0000130,Web,Retail,Senior Manager,UK,110,2622000.0,Professionnel,2026-08-07,0
00Q0000131,Purchased List,Not For Profit,Senior Manager,Italy,33,2808000.0,Professionnel,2025-04-14,0
00Q0000132,Phone Inquiry,Media,Intern,Germany,225,28334000.0,Professionnel,2025-05-20,0
00Q0000133,Web,Utilities,Director,USA,109,10297000.0,Personnel,2026-01-12,0
00Q0000134,Public Relations,Insurance,Manager,India,7,278000.0,Personnel,2026-07-16,0
00Q0000135,Advertisement,Not For Profit,Manager,USA,74,5132000.0,Personnel,2024-10-20,0
00Q0000136,Advertisement,Consulting,Manager,UK,106,12692000.0,Professionnel,2026-02-17,1
00Q0000137,Phone Inquiry,Healthcare,Team Lead,France,128,15019000.0,Professionnel,2026-04-21,0
00Q0000138,Phone Inquiry,Retail,Team Lead,France,31,955000.0,Personnel,2024-10-05,0
00Q0000139,Web,Telecommunications,Individual Contributor,Morocco,46,1978000.0,Personnel,2026-04-30,0
00Q0000140,Advertisement,Finance,Team Lead,Netherlands,452,16092000.0,Personnel,2026-06-18,0
00Q0000141,Web,Communications,Senior Manager,India,198,9465000.0,Professionnel,2025-01-08,0
00Q0000142,Partner Referral,Transportation,Team Lead,Canada,72,8503000.0,Professionnel,2026-05-25,1
00Q0000143,Purchased List,Technology,Team Lead,USA,145,11910000.0,Professionnel,2025-07-07,0
00Q0000144,Partner Referral,Transportation,C-Level,Germany,53,2300000.0,Personnel,2025-10-15,1
00Q0000145,Advertisement,Energy,Individual Contributor,Morocco,43,2639000.0,Personnel,2025-11-03,0
00Q0000146,Social Media,Electronics,Individual Contributor,Canada,635,24574000.0,Personnel,2025-03-16,0
00Q0000147,Purchased List,Government,Team Lead,UK,99,3059000.0,Professionnel,2025-04-03,0
00Q0000148,Purchased List,Chemicals,Team Lead,Morocco,79,2474000.0,Professionnel,2025-02-22,0
00Q0000149,Cold Call,Manufacturing,Individual Contributor,Morocco,19,758000.0,Personnel,2024-11-25,0
00Q0000150,Webinar,Communications,Manager,Canada,66,3483000.0,Personnel,2026-09-14,0
00Q0000151,Phone Inquiry,Technology,Manager,Morocco,81,7442000.0,Personnel,2026-09-01,0
00Q0000152,Web,Agriculture,Director,UAE,270,7006000.0,Professionnel,2026-07-22,0
00Q0000153,Email Campaign,Environmental,Individual Contributor,Germany,228,14170000.0,Professionnel,2025-02-24,0
00Q0000154,Partner Referral,Finance,Manager,France,63,5809000.0,Professionnel,2026-04-18,1
00Q0000155,Phone Inquiry,Finance,Team Lead,UAE,82,4209000.0,Professionnel,2025-08-16,0
00Q0000156,Social Media,Construction,Team Lead,USA,35,3287000.0,Personnel,2026-03-09,0
00Q0000157,Email Campaign,Not For Profit,Team Lead,Morocco,286,4984000.0,Personnel,2025-05-15,0
00Q0000158,Purchased List,Insurance,VP,India,51,2766000.0,Professionnel,2025-09-14,0
00Q0000159,Purchased List,Construction,Team Lead,France,55,3577000.0,Professionnel,2025-12-24,0
00Q0000160,Phone Inquiry,Electronics,Intern,Germany,22,736000.0,Personnel,2025-10-07,0
00Q0000161,Cold Call,Telecommunications,Individual Contributor,USA,6,311000.0,Professionnel,2024-11-29,0
00Q0000162,Advertisement,Energy,Manager,UK,10,352000.0,Professionnel,2024-12-03,1
00Q0000163,Web,Technology,Director,USA,98,15773000.0,Personnel,2026-03-18,0
00Q0000164,Phone Inquiry,Not For Profit,Senior Manager,Netherlands,234,11829000.0,Professionnel,2025-02-16,1
00Q0000165,Web,Insurance,Manager,Italy,15,706000.0,Professionnel,2024-09-28,0
00Q0000166,Advertisement,Healthcare,Manager,Canada,96,12298000.0,Professionnel,2026-07-03,1
00Q0000167,Social Media,Manufacturing,Individual Contributor,France,41,4609000.0,Professionnel,2025-02-14,0
00Q0000168,Cold Call,Manufacturing,Individual Contributor,USA,245,9819000.0,Professionnel,2024-12-28,0
00Q0000169,Public Relations,Technology,Director,Canada,56,4018000.0,Professionnel,2026-01-08,1
00Q0000170,Web,Education,Manager,UK,196,8622000.0,Professionnel,2026-05-05,0
00Q0000171,Email Campaign,Communications,Manager,USA,245,9816000.0,Personnel,2025-02-22,0
00Q0000172,Partner Referral,Food & Beverage,Senior Manager,India,28,1664000.0,Professionnel,2025-07-13,1
00Q0000173,Social Media,Healthcare,Senior Manager,Italy,80,2068000.0,Personnel,2025-08-24,0
00Q0000174,Webinar,Healthcare,Senior Manager,Italy,34,1007000.0,Professionnel,2025-02-05,0
00Q0000175,Advertisement,Transportation,Individual Contributor,USA,3,221000.0,Professionnel,2026-01-02,0
00Q0000176,Web,Communications,Team Lead,Italy,83,5413000.0,Personnel,2025-03-10,0
00Q0000177,Advertisement,Manufacturing,Individual Contributor,India,16,395000.0,Professionnel,2024-11-26,0
00Q0000178,Purchased List,Government,Team Lead,USA,94,6841000.0,Professionnel,2025-08-13,0
00Q0000179,Purchased List,Consulting,Manager,Canada,1391,65669000.0,Personnel,2025-04-02,0
00Q0000180,Purchased List,Biotechnology,Senior Manager,Morocco,8,768000.0,Professionnel,2026-01-11,0
00Q0000181,Trade Show,Manufacturing,Team Lead,USA,11,437000.0,Personnel,2025-06-14,0
00Q0000182,Cold Call,Healthcare,Manager,Morocco,31,1749000.0,Personnel,2025-03-26,0
00Q0000183,Partner Referral,Finance,Team Lead,UK,9,715000.0,Professionnel,2026-01-16,1
00Q0000184,Email Campaign,Retail,Director,France,24,592000.0,Personnel,2024-11-26,0
00Q0000185,Advertisement,Education,Individual Contributor,UK,86,3921000.0,Personnel,2025-07-26,1
00Q0000186,Purchased List,Retail,Director,Spain,47,2948000.0,Professionnel,2025-04-28,0
00Q0000187,Webinar,Banking,Individual Contributor,Germany,199,5090000.0,Professionnel,2026-05-20,0
00Q0000188,Social Media,Biotechnology,Manager,Germany,323,12971000.0,Professionnel,2026-02-18,1
00Q0000189,Cold Call,Food & Beverage,Individual Contributor,India,2718,188811000.0,Personnel,2026-05-02,0
00Q0000190,Web,Energy,Team Lead,Morocco,13,3212000.0,Personnel,2025-05-04,0
00Q0000191,Partner Referral,Technology,Individual Contributor,Spain,37,11347000.0,Professionnel,2025-05-06,1
00Q0000192,Cold Call,Electronics,Manager,France,68,3484000.0,Professionnel,2026-02-06,0
00Q0000193,Web,Manufacturing,Senior Manager,Canada,2,102000.0,Personnel,2024-11-22,0
00Q0000194,Web,Manufacturing,Director,Netherlands,290,10652000.0,Personnel,2026-09-08,0
00Q0000195,Advertisement,Government,VP,UK,22,943000.0,Personnel,2026-05-04,0
00Q0000196,Advertisement,Entertainment,VP,USA,28,519000.0,Personnel,2024-12-26,0
00Q0000197,Trade Show,Transportation,Senior Manager,India,406,14557000.0,Professionnel,2025-02-28,1
00Q0000198,Purchased List,Retail,Manager,Germany,16,566000.0,Professionnel,2026-01-15,0
00Q0000199,Web,Technology,Senior Manager,USA,580,22434000.0,Personnel,2026-07-05,1
00Q0000200,Employee Referral,Media,Manager,USA,332,25916000.0,Professionnel,2024-09-29,0
00Q0000201,Advertisement,Transportation,Individual Contributor,USA,35,4543000.0,Professionnel,2025-11-04,1
00Q0000202,Web,Not For Profit,Team Lead,USA,68,4788000.0,Personnel,2026-03-22,0
00Q0000203,Cold Call,Energy,Manager,UK,162,14974000.0,Professionnel,2024-09-18,1
00Q0000204,Web,Entertainment,C-Level,USA,235,48882000.0,Professionnel,2025-04-14,1
00Q0000205,Phone Inquiry,Technology,Manager,UK,957,70454000.0,Professionnel,2025-10-25,0
00Q0000206,Purchased List,Manufacturing,Senior Manager,Italy,14,198000.0,Professionnel,2025-02-28,0
00Q0000207,Web,Telecommunications,Team Lead,Canada,897,67927000.0,Professionnel,2025-07-25,1
00Q0000208,Purchased List,Banking,Manager,USA,19,700000.0,Professionnel,2026-02-19,1
00Q0000209,Phone Inquiry,Banking,Senior Manager,Italy,104,2262000.0,Professionnel,2026-05-07,0
00Q0000210,Web,Retail,Manager,France,194,9013000.0,Professionnel,2025-01-27,0
00Q0000211,Web,Engineering,Senior Manager,USA,73,6889000.0,Personnel,2025-01-08,0
00Q0000212,Email Campaign,Entertainment,Manager,UK,46,3524000.0,Personnel,2026-08-17,0
00Q0000213,Web,Construction,Individual Contributor,USA,201,7167000.0,Personnel,2024-11-26,0
00Q0000214,Web,Utilities,VP,UAE,13,1105000.0,Personnel,2025-10-13,0
00Q0000215,Email Campaign,Technology,Manager,France,57,662000.0,Professionnel,2025-06-18,0
00Q0000216,Advertisement,Chemicals,Director,India,58,1854000.0,Professionnel,2026-02-25,0
00Q0000217,Employee Referral,Finance,Senior Manager,USA,224,20858000.0,Professionnel,2025-10-23,0
00Q0000218,Web,Construction,Individual Contributor,Canada,145,13953000.0,Personnel,2026-03-24,0
00Q0000219,Purchased List,Retail,VP,USA,886,57468000.0,Personnel,2025-05-01,0
00Q0000220,Public Relations,Recreation,Individual Contributor,France,11,420000.0,Personnel,2025-10-04,0
00Q0000221,Webinar,Apparel,Team Lead,USA,69,3262000.0,Professionnel,2025-06-27,0
00Q0000222,Partner Referral,Finance,C-Level,Canada,205,13715000.0,Professionnel,2024-10-12,1
00Q0000223,Trade Show,Utilities,Director,Spain,108,2430000.0,Professionnel,2024-12-02,1
00Q0000224,Advertisement,Manufacturing,Individual Contributor,Canada,327,40192000.0,Professionnel,2026-01-05,0
00Q0000225,Webinar,Construction,Individual Contributor,USA,25,2743000.0,Professionnel,2025-05-15,0
00Q0000226,Partner Referral,Communications,Individual Contributor,Canada,23,2216000.0,Professionnel,2026-06-14,0
00Q0000227,Phone Inquiry,Healthcare,Director,USA,77,3739000.0,Personnel,2025-03-13,0
00Q0000228,Trade Show,Consulting,VP,USA,220,10256000.0,Professionnel,2024-11-09,0
00Q0000229,Email Campaign,Manufacturing,Manager,France,48,1463000.0,Professionnel,2025-09-03,0
00Q0000230,Employee Referral,Hospitality,Director,USA,39,2820000.0,Professionnel,2025-03-12,0
00Q0000231,Purchased List,Machinery,Individual Contributor,Canada,111,4720000.0,Personnel,2026-08-13,0
00Q0000232,Web,Construction,Senior Manager,Canada,21,3062000.0,Personnel,2024-12-14,0
00Q0000233,Trade Show,Telecommunications,Manager,Morocco,202,15447000.0,Professionnel,2024-09-30,1
00Q0000234,Social Media,Environmental,Senior Manager,Canada,202,12995000.0,Professionnel,2025-03-18,0
00Q0000235,Advertisement,Technology,Manager,France,51,4168000.0,Professionnel,2025-10-13,0
00Q0000236,Web,Entertainment,Director,India,15,260000.0,Personnel,2024-10-16,0
00Q0000237,Webinar,Entertainment,Individual Contributor,UK,53,2112000.0,Personnel,2025-05-09,0
00Q0000238,Public Relations,Banking,Individual Contributor,UK,38,3612000.0,Professionnel,2025-09-13,1
00Q0000239,Webinar,Government,Senior Manager,Morocco,44,3023000.0,Professionnel,2025-12-27,1
00Q0000240,Advertisement,Insurance,Individual Contributor,India,8896,1510616000.0,Personnel,2025-12-16,0
00Q0000241,Purchased List,Finance,Senior Manager,UK,18,1451000.0,Personnel,2025-09-25,0
00Q0000242,Partner Referral,Retail,VP,India,108,14342000.0,Professionnel,2025-12-02,1
00Q0000243,Advertisement,Agriculture,Senior Manager,Morocco,53,4298000.0,Personnel,2026-08-22,0
00Q0000244,Email Campaign,Government,Manager,Netherlands,109,8808000.0,Professionnel,2025-05-18,1
00Q0000245,Advertisement,Finance,Director,Belgium,5,417000.0,Personnel,2025-10-09,0
00Q0000246,Social Media,Construction,Individual Contributor,USA,355,25050000.0,Professionnel,2026-07-25,0
00Q0000247,Email Campaign,Agriculture,Director,Netherlands,61,2290000.0,Professionnel,2025-02-11,0
00Q0000248,Phone Inquiry,Hospitality,Director,Spain,22,2732000.0,Professionnel,2025-06-12,1
00Q0000249,Email Campaign,Machinery,Individual Contributor,UK,180,9513000.0,Professionnel,2025-08-31,1
00Q0000250,Partner Referral,Healthcare,Team Lead,Germany,56,3370000.0,Professionnel,2026-08-02,0
00Q0000251,Web,Finance,Intern,USA,2,100000.0,Personnel,2025-07-31,0
00Q0000252,Phone Inquiry,Telecommunications,VP,India,91,15498000.0,Professionnel,2024-12-01,1
00Q0000253,Phone Inquiry,Government,C-Level,Morocco,185,8437000.0,Professionnel,2026-04-14,1
00Q0000254,Public Relations,Retail,Director,USA,101,8629000.0,Personnel,2025-04-12,0
00Q0000255,Email Campaign,Government,Manager,USA,96,7737000.0,Professionnel,2025-04-27,1
00Q0000256,Phone Inquiry,Technology,Individual Contributor,Belgium,124,23956000.0,Professionnel,2025-11-18,0
00Q0000257,Phone Inquiry,Transportation,Manager,France,74,5552000.0,Personnel,2024-12-20,0
00Q0000258,Advertisement,Chemicals,Director,Canada,59,10766000.0,Professionnel,2025-07-13,1
00Q0000259,Webinar,Energy,Individual Contributor,Belgium,56,8822000.0,Professionnel,2025-08-25,0
00Q0000260,Phone Inquiry,Healthcare,Team Lead,Canada,487,26154000.0,Professionnel,2026-07-15,0
00Q0000261,Purchased List,Media,Team Lead,USA,42,3159000.0,Personnel,2026-01-06,0
00Q0000262,Web,Consulting,Director,India,861,52111000.0,Professionnel,2026-04-01,1
00Q0000263,Purchased List,Retail,Manager,Germany,67,3246000.0,Professionnel,2025-04-25,0
00Q0000264,Trade Show,Media,Manager,France,57,4523000.0,Professionnel,2025-04-15,0
00Q0000265,Web,Hospitality,Director,France,17,1463000.0,Professionnel,2025-06-11,0
00Q0000266,Purchased List,Electronics,Team Lead,Morocco,388,25065000.0,Professionnel,2026-04-02,0
00Q0000267,Web,Energy,Team Lead,USA,245,22164000.0,Professionnel,2025-07-20,0
00Q0000268,Purchased List,Education,Manager,UAE,71,4791000.0,Professionnel,2026-07-30,0
00Q0000269,Cold Call,Recreation,Individual Contributor,France,6,422000.0,Personnel,2025-07-16,0
00Q0000270,Partner Referral,Not For Profit,Individual Contributor,Canada,612,19271000.0,Personnel,2025-04-11,1
00Q0000271,Cold Call,Finance,Manager,Germany,132,4861000.0,Personnel,2024-11-21,0
00Q0000272,Webinar,Engineering,Senior Manager,Netherlands,339,89775000.0,Personnel,2024-10-27,1
00Q0000273,Advertisement,Retail,VP,Italy,8,139000.0,Professionnel,2025-11-28,0
00Q0000274,Social Media,Hospitality,Manager,France,103,5431000.0,Personnel,2025-02-19,0
00Q0000275,Social Media,Entertainment,Manager,USA,421,26615000.0,Professionnel,2024-12-21,0
00Q0000276,Partner Referral,Finance,Team Lead,USA,188,15939000.0,Professionnel,2026-03-03,1
00Q0000277,Purchased List,Utilities,VP,India,62,1486000.0,Professionnel,2025-10-14,0
00Q0000278,Partner Referral,Food & Beverage,Senior Manager,USA,459,45556000.0,Personnel,2025-03-03,1
00Q0000279,Partner Referral,Healthcare,Intern,Germany,60,2095000.0,Professionnel,2025-10-13,0
00Q0000280,Email Campaign,Energy,Team Lead,India,156,11111000.0,Professionnel,2026-01-14,0
00Q0000281,Purchased List,Insurance,Manager,France,453,28735000.0,Personnel,2025-08-30,0
00Q0000282,Advertisement,Food & Beverage,Individual Contributor,Morocco,58,6345000.0,Professionnel,2026-02-14,0
00Q0000283,Web,Banking,VP,Italy,172,9671000.0,Professionnel,2026-07-24,0
00Q0000284,Purchased List,Media,Manager,Spain,61,3163000.0,Professionnel,2026-05-19,0
00Q0000285,Web,Finance,Team Lead,Italy,224,12062000.0,Personnel,2025-05-20,0
00Q0000286,Partner Referral,Hospitality,Individual Contributor,France,25,1694000.0,Professionnel,2026-06-22,0
00Q0000287,Social Media,Engineering,Individual Contributor,India,34,3122000.0,Professionnel,2025-02-14,0
00Q0000288,Advertisement,Finance,Senior Manager,USA,105,9887000.0,Professionnel,2026-05-09,1
00Q0000289,Web,Healthcare,Individual Contributor,Canada,287,7523000.0,Personnel,2025-07-06,0
00Q0000290,Partner Referral,Healthcare,Manager,USA,41,3237000.0,Professionnel,2025-06-18,0
00Q0000291,Trade Show,Food & Beverage,Director,USA,15,329000.0,Professionnel,2025-01-30,0
00Q0000292,Public Relations,Healthcare,Manager,UK,607,43776000.0,Professionnel,2025-01-22,0
00Q0000293,Advertisement,Communications,Team Lead,UK,122,7499000.0,Professionnel,2025-02-15,0
00Q0000294,Purchased List,Food & Beverage,Manager,UAE,26,763000.0,Professionnel,2026-02-18,0
00Q0000295,Advertisement,Manufacturing,Team Lead,Netherlands,135,14595000.0,Professionnel,2025-08-28,0
00Q0000296,Webinar,Environmental,C-Level,Belgium,4,246000.0,Personnel,2025-05-07,0
00Q0000297,Phone Inquiry,Electronics,Team Lead,UK,50,1234000.0,Personnel,2024-11-10,0
00Q0000298,Purchased List,Machinery,Director,USA,41,815000.0,Professionnel,2024-12-12,0
00Q0000299,Trade Show,Chemicals,Individual Contributor,USA,18,1018000.0,Professionnel,2025-07-24,0
00Q0000300,Employee Referral,Retail,C-Level,UK,13,579000.0,Professionnel,2026-01-25,1
00Q0000301,Purchased List,Retail,Manager,USA,119,20017000.0,Personnel,2025-03-22,0
00Q0000302,Purchased List,Utilities,Manager,Spain,516,32029000.0,Professionnel,2025-03-24,0
00Q0000303,Phone Inquiry,Environmental,Manager,USA,530,28631000.0,Personnel,2026-06-24,0
00Q0000304,Web,Education,Manager,France,415,41357000.0,Professionnel,2025-09-12,0
00Q0000305,Employee Referral,Biotechnology,Senior Manager,France,555,16819000.0,Professionnel,2026-03-18,1
00Q0000306,Webinar,Apparel,Director,UK,510,89243000.0,Personnel,2025-06-17,0
00Q0000307,Purchased List,Construction,VP,France,138,6039000.0,Personnel,2026-04-22,0
00Q0000308,Public Relations,Construction,Individual Contributor,Italy,217,27222000.0,Personnel,2025-11-28,0
00Q0000309,Advertisement,Manufacturing,Team Lead,India,536,39654000.0,Professionnel,2026-03-28,1
00Q0000310,Webinar,Technology,VP,France,39,3132000.0,Professionnel,2026-09-02,1
00Q0000311,Web,Retail,Manager,UK,375,25722000.0,Personnel,2025-02-06,0
00Q0000312,Phone Inquiry,Education,Manager,UK,60,3659000.0,Professionnel,2025-02-06,0
00Q0000313,Advertisement,Agriculture,Team Lead,USA,4509,554271000.0,Professionnel,2025-08-22,1
00Q0000314,Web,Shipping,Manager,France,735,33071000.0,Personnel,2025-10-02,0
00Q0000315,Partner Referral,Food & Beverage,Director,USA,89,3649000.0,Professionnel,2024-12-23,0
00Q0000316,Social Media,Consulting,Intern,UAE,88,9314000.0,Professionnel,2025-02-06,0
00Q0000317,Purchased List,Retail,Manager,France,81,4870000.0,Personnel,2026-03-23,1
00Q0000318,Purchased List,Banking,Manager,Germany,168,5284000.0,Personnel,2026-03-10,0
00Q0000319,Cold Call,Government,Individual Contributor,Canada,183,18179000.0,Professionnel,2026-05-06,0
00Q0000320,Purchased List,Agriculture,Individual Contributor,UK,212,20226000.0,Professionnel,2025-07-13,0
00Q0000321,Purchased List,Energy,Manager,France,124,5295000.0,Professionnel,2025-12-31,0
00Q0000322,Partner Referral,Government,Manager,Spain,648,48474000.0,Professionnel,2025-11-30,1
00Q0000323,Web,Manufacturing,Senior Manager,Germany,126,4791000.0,Professionnel,2026-07-06,0
00Q0000324,Web,Finance,Senior Manager,Spain,132,8219000.0,Professionnel,2026-08-25,1
00Q0000325,Phone Inquiry,Retail,Team Lead,Belgium,84,9035000.0,Personnel,2026-06-03,0
00Q0000326,Web,Manufacturing,Individual Contributor,Belgium,40,2782000.0,Personnel,2026-08-19,0
00Q0000327,Advertisement,Energy,Manager,UK,102,16634000.0,Professionnel,2025-06-07,0
00Q0000328,Employee Referral,Retail,C-Level,UK,46,3395000.0,Professionnel,2025-09-08,1
00Q0000329,Webinar,Construction,Individual Contributor,UK,115,6656000.0,Professionnel,2025-07-04,0
00Q0000330,Phone Inquiry,Technology,Team Lead,UK,409,9926000.0,Professionnel,2025-08-26,0
00Q0000331,Web,Healthcare,Team Lead,Germany,21,1315000.0,Professionnel,2026-07-09,0
00Q0000332,Web,Education,C-Level,USA,126,7885000.0,Professionnel,2025-12-16,1
00Q0000333,Social Media,Apparel,VP,Spain,320,12379000.0,Professionnel,2026-06-27,1
00Q0000334,Employee Referral,Communications,Director,India,82,7214000.0,Personnel,2026-01-06,1
00Q0000335,Phone Inquiry,Energy,Director,Belgium,143,21491000.0,Professionnel,2026-05-15,1
00Q0000336,Trade Show,Manufacturing,Director,India,44,3226000.0,Professionnel,2025-12-09,0
00Q0000337,Web,Manufacturing,Director,UK,29,2319000.0,Personnel,2024-12-16,0
00Q0000338,Public Relations,Technology,Manager,Canada,86,6097000.0,Professionnel,2025-06-25,0
00Q0000339,Public Relations,Banking,Individual Contributor,UAE,120,7018000.0,Professionnel,2025-10-21,0
00Q0000340,Trade Show,Manufacturing,Team Lead,France,48,3613000.0,Professionnel,2026-08-29,1
00Q0000341,Advertisement,Retail,Manager,USA,10,827000.0,Professionnel,2025-07-25,0
00Q0000342,Purchased List,Energy,Manager,USA,24,549000.0,Personnel,2024-11-13,1
00Q0000343,Webinar,Technology,Manager,UK,73,2502000.0,Personnel,2025-09-05,0
00Q0000344,Purchased List,Banking,Team Lead,USA,24,843000.0,Professionnel,2026-03-04,0
00Q0000345,Webinar,Telecommunications,Manager,Canada,145,7647000.0,Personnel,2026-03-31,0
00Q0000346,Employee Referral,Energy,Individual Contributor,France,2570,386429000.0,Personnel,2025-09-02,1
00Q0000347,Public Relations,Communications,Manager,UK,139,6397000.0,Personnel,2026-09-17,0
00Q0000348,Trade Show,Biotechnology,VP,UK,47,3685000.0,Professionnel,2025-02-25,0
00Q0000349,Public Relations,Transportation,Individual Contributor,USA,42,1558000.0,Professionnel,2026-02-07,0
00Q0000350,Employee Referral,Food & Beverage,Individual Contributor,France,244,41195000.0,Professionnel,2025-02-04,0
00Q0000351,Purchased List,Finance,VP,Spain,122,7579000.0,Professionnel,2025-10-18,0
00Q0000352,Web,Healthcare,Manager,Spain,66,3976000.0,Professionnel,2025-08-10,0
00Q0000353,Advertisement,Finance,Manager,Spain,55,5537000.0,Professionnel,2025-08-09,1
00Q0000354,Web,Manufacturing,Individual Contributor,Italy,69,2623000.0,Professionnel,2025-11-09,0
00Q0000355,Phone Inquiry,Energy,Director,Netherlands,13,211000.0,Professionnel,2026-07-24,0
00Q0000356,Phone Inquiry,Telecommunications,Individual Contributor,UK,15,615000.0,Professionnel,2025-03-16,0
00Q0000357,Phone Inquiry,Food & Beverage,Manager,USA,164,23750000.0,Professionnel,2026-07-18,0
00Q0000358,Web,Entertainment,Team Lead,USA,14,171000.0,Personnel,2026-05-30,0
00Q0000359,Trade Show,Not For Profit,VP,UAE,4,249000.0,Professionnel,2025-06-06,1
00Q0000360,Phone Inquiry,Technology,Senior Manager,Morocco,82,3966000.0,Personnel,2025-04-22,0
00Q0000361,Purchased List,Government,Individual Contributor,Canada,328,15018000.0,Professionnel,2025-08-22,0
00Q0000362,Phone Inquiry,Retail,Manager,Italy,119,4368000.0,Professionnel,2026-05-06,0
00Q0000363,Web,Engineering,Director,USA,95,10670000.0,Professionnel,2026-05-19,1
00Q0000364,Webinar,Retail,Director,Spain,16,2384000.0,Personnel,2026-04-15,0
00Q0000365,Web,Engineering,Manager,Germany,41,3317000.0,Personnel,2025-05-17,0
00Q0000366,Email Campaign,Apparel,Director,Canada,55,2105000.0,Professionnel,2026-09-02,1
00Q0000367,Purchased List,Food & Beverage,Manager,Italy,549,48357000.0,Personnel,2026-01-08,0
00Q0000368,Webinar,Insurance,Manager,Italy,1,70000.0,Professionnel,2024-09-26,1
00Q0000369,Web,Education,Individual Contributor,Spain,37,2505000.0,Professionnel,2026-07-29,0
00Q0000370,Public Relations,Retail,Individual Contributor,India,31,4027000.0,Professionnel,2026-06-17,0
00Q0000371,Web,Healthcare,Team Lead,Canada,78,6454000.0,Professionnel,2025-06-09,0
00Q0000372,Employee Referral,Food & Beverage,Manager,India,159,17005000.0,Professionnel,2024-09-23,0
00Q0000373,Webinar,Technology,Senior Manager,Spain,746,54186000.0,Personnel,2026-03-18,0
00Q0000374,Phone Inquiry,Construction,Manager,Morocco,50,2972000.0,Professionnel,2025-04-30,1
00Q0000375,Web,Manufacturing,Director,USA,118,9916000.0,Professionnel,2026-04-19,1
00Q0000376,Webinar,Finance,Manager,Germany,127,3952000.0,Personnel,2025-02-08,0
00Q0000377,Purchased List,Retail,Individual Contributor,France,56,1542000.0,Professionnel,2025-11-22,0
00Q0000378,Cold Call,Consulting,Team Lead,India,39,808000.0,Personnel,2025-03-25,0
00Q0000379,Purchased List,Transportation,Manager,Italy,38,5006000.0,Professionnel,2025-02-18,0
00Q0000380,Webinar,Finance,Manager,Morocco,38,1591000.0,Professionnel,2026-05-20,0
00Q0000381,Purchased List,Healthcare,C-Level,Canada,15,1168000.0,Professionnel,2025-11-14,0
00Q0000382,Webinar,Media,Manager,Germany,331,15228000.0,Personnel,2025-05-20,0
00Q0000383,Partner Referral,Telecommunications,Director,Canada,265,72132000.0,Professionnel,2024-10-23,1
00Q0000384,Trade Show,Engineering,Manager,Morocco,343,40206000.0,Professionnel,2025-08-29,0
00Q0000385,Employee Referral,Electronics,Senior Manager,UK,175,4603000.0,Professionnel,2026-01-17,1
00Q0000386,Email Campaign,Retail,Senior Manager,UK,67,2861000.0,Professionnel,2025-05-11,1
00Q0000387,Web,Shipping,Team Lead,Germany,175,4808000.0,Personnel,2026-05-22,0
00Q0000388,Webinar,Energy,Director,USA,83,5288000.0,Professionnel,2025-02-03,0
00Q0000389,Purchased List,Finance,Senior Manager,France,152,6112000.0,Personnel,2025-02-21,0
00Q0000390,Purchased List,Technology,C-Level,UAE,170,7671000.0,Professionnel,2025-10-06,1
00Q0000391,Trade Show,Healthcare,Individual Contributor,Canada,39,6924000.0,Personnel,2025-06-18,0
00Q0000392,Purchased List,Consulting,Team Lead,Canada,1536,150521000.0,Professionnel,2024-10-02,0
00Q0000393,Partner Referral,Entertainment,Senior Manager,UK,736,88656000.0,Personnel,2024-11-05,1
00Q0000394,Web,Technology,Individual Contributor,Italy,17,1671000.0,Professionnel,2025-02-06,0
00Q0000395,Employee Referral,Manufacturing,Individual Contributor,Germany,101,4781000.0,Professionnel,2025-05-12,1
00Q0000396,Webinar,Not For Profit,Individual Contributor,USA,45,2861000.0,Personnel,2026-06-30,0
00Q0000397,Webinar,Manufacturing,Manager,Canada,75,3528000.0,Personnel,2025-01-15,0
00Q0000398,Purchased List,Finance,Individual Contributor,France,1065,29516000.0,Professionnel,2025-02-03,0
00Q0000399,Employee Referral,Telecommunications,VP,Canada,144,9251000.0,Personnel,2026-07-16,0
00Q0000400,Trade Show,Not For Profit,Manager,Morocco,9,882000.0,Personnel,2025-08-10,0
00Q0000401,Web,Technology,Team Lead,USA,198,9263000.0,Professionnel,2024-10-31,0
00Q0000402,Purchased List,Consulting,Senior Manager,USA,35,6790000.0,Professionnel,2025-07-10,0
00Q0000403,Trade Show,Not For Profit,Director,UK,27,1321000.0,Professionnel,2026-08-10,0
00Q0000404,Web,Consulting,Team Lead,India,4,410000.0,Professionnel,2025-01-01,0
00Q0000405,Email Campaign,Construction,Senior Manager,France,57,1649000.0,Professionnel,2025-04-11,0
00Q0000406,Phone Inquiry,Energy,Manager,Germany,51,5029000.0,Professionnel,2025-02-17,0
00Q0000407,Social Media,Technology,Director,USA,11,973000.0,Professionnel,2025-12-10,0
00Q0000408,Web,Telecommunications,VP,India,22,2023000.0,Personnel,2025-05-09,0
00Q0000409,Web,Construction,Individual Contributor,USA,1892,97965000.0,Personnel,2024-12-04,0
00Q0000410,Employee Referral,Not For Profit,Manager,USA,77,2875000.0,Personnel,2026-01-21,0
00Q0000411,Phone Inquiry,Chemicals,Senior Manager,Germany,63,1601000.0,Personnel,2025-10-09,0
00Q0000412,Advertisement,Finance,Manager,Canada,150,19415000.0,Professionnel,2024-10-24,1
00Q0000413,Trade Show,Technology,Manager,UAE,18,720000.0,Professionnel,2026-08-24,1
00Q0000414,Trade Show,Communications,Individual Contributor,Canada,115,8183000.0,Personnel,2024-11-23,0
00Q0000415,Phone Inquiry,Food & Beverage,Senior Manager,USA,4933,197652000.0,Personnel,2025-10-21,1
00Q0000416,Web,Food & Beverage,Director,Germany,210,7571000.0,Professionnel,2026-05-29,1
00Q0000417,Advertisement,Technology,VP,Morocco,9,339000.0,Personnel,2026-04-18,0
00Q0000418,Purchased List,Technology,Intern,Italy,48,4905000.0,Professionnel,2026-07-08,0
00Q0000419,Employee Referral,Entertainment,Senior Manager,Netherlands,33,1496000.0,Personnel,2026-06-17,0
00Q0000420,Advertisement,Machinery,Team Lead,France,50,16819000.0,Personnel,2025-11-15,0
00Q0000421,Webinar,Media,Manager,India,33,3444000.0,Professionnel,2026-07-15,0
00Q0000422,Advertisement,Consulting,Team Lead,Belgium,52,4565000.0,Professionnel,2024-11-17,0
00Q0000423,Email Campaign,Electronics,VP,Germany,172,13070000.0,Professionnel,2026-07-28,0
00Q0000424,Social Media,Communications,Team Lead,France,10,680000.0,Professionnel,2025-10-07,1
00Q0000425,Web,Manufacturing,Director,France,383,18915000.0,Professionnel,2025-07-19,0
00Q0000426,Advertisement,Finance,Team Lead,UK,144,9865000.0,Personnel,2025-05-18,0
00Q0000427,Trade Show,Finance,Intern,India,89,9731000.0,Professionnel,2026-09-13,0
00Q0000428,Webinar,Government,Intern,UK,92,6493000.0,Professionnel,2026-05-25,1
00Q0000429,Web,Hospitality,Individual Contributor,USA,141,7631000.0,Personnel,2025-06-10,0
00Q0000430,Email Campaign,Finance,Director,USA,86,5932000.0,Professionnel,2024-10-24,1
00Q0000431,Employee Referral,Retail,Team Lead,Germany,110,6054000.0,Professionnel,2026-03-19,0
00Q0000432,Purchased List,Retail,Senior Manager,Belgium,42,3104000.0,Professionnel,2025-05-29,0
00Q0000433,Phone Inquiry,Transportation,Team Lead,France,121,560000.0,Professionnel,2025-06-01,0
00Q0000434,Employee Referral,Technology,Intern,Spain,463,30976000.0,Professionnel,2026-09-12,0
00Q0000435,Advertisement,Education,Director,France,877,23131000.0,Professionnel,2026-09-05,1
00Q0000436,Purchased List,Retail,Team Lead,USA,141,7658000.0,Professionnel,2025-06-09,0
00Q0000437,Email Campaign,Telecommunications,Individual Contributor,Italy,39,2443000.0,Personnel,2024-10-03,0
00Q0000438,Employee Referral,Media,Team Lead,UK,2913,92780000.0,Professionnel,2025-09-08,1
00Q0000439,Phone Inquiry,Hospitality,Director,France,115,18463000.0,Personnel,2024-09-28,0
00Q0000440,Social Media,Consulting,Manager,Italy,156,4702000.0,Professionnel,2025-03-27,1
00Q0000441,Web,Banking,Team Lead,UK,317,9452000.0,Professionnel,2026-07-01,0
00Q0000442,Webinar,Technology,Director,USA,101,6352000.0,Professionnel,2025-06-20,1
00Q0000443,Advertisement,Engineering,Manager,France,37,4700000.0,Professionnel,2024-11-05,0
00Q0000444,Web,Healthcare,Intern,Germany,196,7269000.0,Personnel,2026-07-31,0
00Q0000445,Web,Banking,Director,UK,7,282000.0,Personnel,2025-02-06,1
00Q0000446,Web,Technology,Individual Contributor,Spain,48,2163000.0,Professionnel,2025-11-13,1
00Q0000447,Cold Call,Hospitality,Intern,Canada,907,55493000.0,Professionnel,2025-11-25,0
00Q0000448,Partner Referral,Manufacturing,Individual Contributor,Morocco,60,3512000.0,Personnel,2026-05-21,0
00Q0000449,Social Media,Government,Intern,India,114,12702000.0,Professionnel,2025-03-15,0
00Q0000450,Web,Entertainment,Senior Manager,Morocco,85,5154000.0,Personnel,2025-08-06,0
00Q0000451,Public Relations,Education,Individual Contributor,Germany,224,4378000.0,Personnel,2025-07-10,0
00Q0000452,Employee Referral,Recreation,Manager,UK,97,17261000.0,Professionnel,2026-09-11,1
00Q0000453,Partner Referral,Biotechnology,Manager,USA,29,1840000.0,Personnel,2025-01-26,1
00Q0000454,Email Campaign,Media,C-Level,Spain,369,96603000.0,Professionnel,2025-05-02,0
00Q0000455,Social Media,Manufacturing,Team Lead,USA,49,2685000.0,Personnel,2024-10-07,0
00Q0000456,Phone Inquiry,Education,Individual Contributor,France,111,5832000.0,Professionnel,2026-07-25,0
00Q0000457,Partner Referral,Healthcare,Individual Contributor,Italy,102,4261000.0,Personnel,2025-03-10,1
00Q0000458,Purchased List,Manufacturing,Manager,France,179,11319000.0,Professionnel,2026-04-30,0
00Q0000459,Social Media,Not For Profit,Team Lead,Italy,41,7066000.0,Personnel,2025-03-28,0
00Q0000460,Webinar,Manufacturing,Team Lead,USA,30,923000.0,Personnel,2025-03-31,0
00Q0000461,Webinar,Retail,C-Level,UK,32,1230000.0,Professionnel,2024-10-10,1
00Q0000462,Advertisement,Hospitality,Individual Contributor,UAE,216,9133000.0,Professionnel,2025-11-13,0
00Q0000463,Webinar,Energy,Manager,USA,62,7538000.0,Professionnel,2025-04-23,1
00Q0000464,Email Campaign,Shipping,Individual Contributor,UK,312,4730000.0,Professionnel,2026-06-08,0
00Q0000465,Web,Retail,Director,Spain,580,35598000.0,Personnel,2025-10-31,0
00Q0000466,Public Relations,Government,Individual Contributor,USA,102,5000000.0,Professionnel,2025-01-11,0
00Q0000467,Web,Manufacturing,Manager,USA,294,14078000.0,Personnel,2026-05-18,0
00Q0000468,Trade Show,Hospitality,Individual Contributor,India,446,36822000.0,Personnel,2025-01-30,0
00Q0000469,Web,Hospitality,Individual Contributor,UK,21,587000.0,Professionnel,2026-05-03,1
00Q0000470,Advertisement,Insurance,Manager,UK,14,649000.0,Professionnel,2026-07-01,0
00Q0000471,Social Media,Retail,Manager,Netherlands,147,9183000.0,Personnel,2025-07-04,0
00Q0000472,Public Relations,Consulting,Director,Canada,450,43271000.0,Professionnel,2025-11-02,0
00Q0000473,Trade Show,Manufacturing,Intern,France,62,3754000.0,Professionnel,2025-08-27,0
00Q0000474,Employee Referral,Technology,Director,USA,24,1199000.0,Professionnel,2025-09-17,1
00Q0000475,Advertisement,Construction,Intern,Morocco,18,914000.0,Professionnel,2026-08-28,0
00Q0000476,Social Media,Media,Director,France,209,3524000.0,Professionnel,2025-04-21,0
00Q0000477,Trade Show,Apparel,Team Lead,Germany,243,10314000.0,Professionnel,2026-01-29,0
00Q0000478,Advertisement,Healthcare,Individual Contributor,Morocco,28,1773000.0,Professionnel,2026-07-01,0
00Q0000479,Purchased List,Finance,Manager,Canada,149,12421000.0,Professionnel,2024-09-27,0
00Q0000480,Email Campaign,Transportation,VP,USA,341,42923000.0,Personnel,2025-06-30,0
00Q0000481,Social Media,Media,Senior Manager,Germany,21,3995000.0,Personnel,2025-12-18,0
00Q0000482,Cold Call,Education,Individual Contributor,USA,30,395000.0,Professionnel,2025-02-21,0
00Q0000483,Web,Machinery,Senior Manager,France,29,2028000.0,Personnel,2026-08-28,1
00Q0000484,Web,Transportation,Individual Contributor,UK,2566,79208000.0,Personnel,2026-01-19,0
00Q0000485,Social Media,Hospitality,Individual Contributor,USA,46,4410000.0,Professionnel,2025-08-14,0
00Q0000486,Employee Referral,Apparel,Senior Manager,Morocco,37,1114000.0,Professionnel,2025-03-20,0
00Q0000487,Web,Hospitality,Individual Contributor,USA,415,86099000.0,Professionnel,2025-01-05,0
00Q0000488,Web,Entertainment,Individual Contributor,Morocco,150,6465000.0,Personnel,2024-10-16,0
00Q0000489,Email Campaign,Energy,Individual Contributor,Spain,49,4530000.0,Professionnel,2026-04-06,0
00Q0000490,Social Media,Not For Profit,Manager,France,80,16595000.0,Personnel,2026-06-07,0
00Q0000491,Phone Inquiry,Healthcare,Manager,USA,80,9094000.0,Professionnel,2025-08-03,0
00Q0000492,Webinar,Healthcare,Manager,Spain,698,49860000.0,Professionnel,2025-07-24,0
00Q0000493,Phone Inquiry,Utilities,Individual Contributor,Germany,207,11130000.0,Personnel,2025-02-10,0
00Q0000494,Web,Apparel,Director,Germany,9,305000.0,Professionnel,2025-12-25,0
00Q0000495,Web,Entertainment,Manager,India,88,8178000.0,Personnel,2025-08-22,0
00Q0000496,Phone Inquiry,Consulting,Director,Germany,177,9491000.0,Professionnel,2025-12-23,1
00Q0000497,Web,Technology,Senior Manager,USA,67,3258000.0,Professionnel,2026-07-05,0
00Q0000498,Web,Finance,Director,UK,21,899000.0,Professionnel,2025-02-22,1
00Q0000499,Social Media,Engineering,Team Lead,UAE,205,8571000.0,Personnel,2025-04-24,0
00Q0000500,Partner Referral,Agriculture,Individual Contributor,USA,789,68097000.0,Professionnel,2026-04-02,0
00Q0000501,Web,Transportation,Director,France,14,505000.0,Professionnel,2025-05-01,0
00Q0000502,Trade Show,Construction,Intern,UK,4,1021000.0,Professionnel,2024-11-07,0
00Q0000503,Email Campaign,Retail,Senior Manager,USA,573,61544000.0,Professionnel,2025-01-21,0
00Q0000504,Cold Call,Media,Intern,France,219,15711000.0,Personnel,2025-10-15,0
00Q0000505,Employee Referral,Manufacturing,Director,India,109,5382000.0,Professionnel,2025-01-09,0
00Q0000506,Public Relations,Shipping,Individual Contributor,Germany,12,860000.0,Professionnel,2025-07-02,0
00Q0000507,Webinar,Electronics,Manager,Morocco,26,1330000.0,Professionnel,2026-06-17,0
00Q0000508,Email Campaign,Telecommunications,Team Lead,USA,18,1027000.0,Personnel,2026-04-12,0
00Q0000509,Web,Technology,Director,Morocco,161,6134000.0,Professionnel,2025-03-02,1
00Q0000510,Web,Hospitality,Manager,Italy,206,8773000.0,Professionnel,2025-04-20,0
00Q0000511,Partner Referral,Recreation,Individual Contributor,USA,174,26955000.0,Professionnel,2025-12-20,1
00Q0000512,Purchased List,Not For Profit,Individual Contributor,India,178,4693000.0,Professionnel,2024-11-15,0
00Q0000513,Web,Retail,Director,Italy,470,50142000.0,Professionnel,2025-11-12,0
00Q0000514,Web,Education,Director,UAE,85,11316000.0,Professionnel,2025-05-31,0
00Q0000515,Web,Technology,Team Lead,Canada,12,493000.0,Personnel,2025-08-12,0
00Q0000516,Employee Referral,Insurance,Team Lead,India,1732,129394000.0,Professionnel,2025-05-06,1
00Q0000517,Purchased List,Utilities,Senior Manager,Canada,131,3976000.0,Personnel,2026-05-21,0
00Q0000518,Partner Referral,Construction,Individual Contributor,Canada,50,2428000.0,Professionnel,2024-10-16,0
00Q0000519,Phone Inquiry,Government,VP,UK,385,105543000.0,Personnel,2024-12-20,1
00Q0000520,Partner Referral,Banking,Team Lead,USA,19,1128000.0,Professionnel,2026-08-30,0
00Q0000521,Webinar,Food & Beverage,Individual Contributor,UK,59,1858000.0,Professionnel,2025-10-04,0
00Q0000522,Social Media,Technology,Director,Germany,116,14597000.0,Personnel,2026-06-05,1
00Q0000523,Employee Referral,Electronics,Director,USA,39,2389000.0,Professionnel,2024-11-24,0
00Q0000524,Partner Referral,Media,Director,Spain,371,17045000.0,Professionnel,2025-07-20,0
00Q0000525,Email Campaign,Education,Individual Contributor,Canada,64,2874000.0,Personnel,2025-09-12,0
00Q0000526,Webinar,Media,Team Lead,UAE,21,806000.0,Professionnel,2025-08-11,0
00Q0000527,Social Media,Transportation,Senior Manager,France,189,7962000.0,Personnel,2025-02-28,0
00Q0000528,Trade Show,Energy,Manager,France,889,28927000.0,Professionnel,2025-03-09,0
00Q0000529,Purchased List,Insurance,Individual Contributor,USA,103,6457000.0,Professionnel,2025-04-12,0
00Q0000530,Web,Technology,Manager,Germany,456,8399000.0,Personnel,2025-04-18,0
00Q0000531,Trade Show,Machinery,Team Lead,UK,27,2525000.0,Personnel,2025-01-30,0
00Q0000532,Purchased List,Banking,Senior Manager,Germany,56,9373000.0,Personnel,2025-08-27,0
00Q0000533,Advertisement,Manufacturing,Manager,Spain,1409,181029000.0,Professionnel,2025-09-04,0
00Q0000534,Public Relations,Retail,Team Lead,Netherlands,150,8109000.0,Professionnel,2025-05-09,0
00Q0000535,Web,Healthcare,Manager,France,132,3177000.0,Professionnel,2026-04-14,1
00Q0000536,Web,Telecommunications,VP,USA,5,226000.0,Professionnel,2025-05-05,0
00Q0000537,Advertisement,Retail,Team Lead,USA,50,1931000.0,Professionnel,2025-06-14,0
00Q0000538,Email Campaign,Hospitality,Team Lead,Belgium,141,15745000.0,Professionnel,2024-10-31,0
00Q0000539,Purchased List,Hospitality,Intern,UK,258,6415000.0,Professionnel,2024-12-23,0
00Q0000540,Webinar,Banking,Team Lead,Belgium,90,7631000.0,Personnel,2025-12-10,0
00Q0000541,Employee Referral,Technology,Intern,UK,71,3805000.0,Personnel,2025-10-28,0
00Q0000542,Web,Technology,Manager,France,4,291000.0,Personnel,2026-03-16,0
00Q0000543,Purchased List,Insurance,Individual Contributor,France,206,3587000.0,Professionnel,2025-05-01,0
00Q0000544,Advertisement,Retail,Manager,Morocco,102,6986000.0,Professionnel,2025-02-26,0
00Q0000545,Purchased List,Technology,Manager,Netherlands,15,571000.0,Personnel,2025-02-26,0
00Q0000546,Social Media,Finance,Individual Contributor,France,582,65272000.0,Professionnel,2025-09-23,1
00Q0000547,Email Campaign,Energy,Intern,Canada,1314,43132000.0,Personnel,2024-10-19,0
00Q0000548,Purchased List,Food & Beverage,Team Lead,USA,153,11069000.0,Professionnel,2025-08-11,0
00Q0000549,Cold Call,Retail,Manager,USA,162,8121000.0,Personnel,2024-10-04,1
00Q0000550,Trade Show,Chemicals,Director,India,849,96316000.0,Professionnel,2024-12-28,1
00Q0000551,Purchased List,Biotechnology,Team Lead,Germany,285,20030000.0,Professionnel,2025-04-23,0
00Q0000552,Public Relations,Banking,Individual Contributor,USA,105,3537000.0,Professionnel,2025-03-31,0
00Q0000553,Web,Utilities,Manager,India,2827,69173000.0,Personnel,2024-11-21,0
00Q0000554,Web,Recreation,Manager,France,191,6328000.0,Personnel,2026-01-31,0
00Q0000555,Web,Consulting,Individual Contributor,Germany,12,451000.0,Professionnel,2024-12-16,0
00Q0000556,Social Media,Insurance,Director,USA,54,1903000.0,Professionnel,2026-07-24,1
00Q0000557,Web,Chemicals,VP,Germany,78,1482000.0,Personnel,2026-05-10,0
00Q0000558,Web,Manufacturing,Individual Contributor,Belgium,50,1523000.0,Personnel,2024-12-18,0
00Q0000559,Public Relations,Construction,Individual Contributor,UAE,285,13708000.0,Professionnel,2025-01-16,1
00Q0000560,Webinar,Technology,Senior Manager,Morocco,92,5237000.0,Professionnel,2026-04-30,1
00Q0000561,Advertisement,Retail,Director,Italy,28,1298000.0,Professionnel,2025-01-25,0
00Q0000562,Trade Show,Healthcare,Manager,India,19,618000.0,Personnel,2025-05-27,0
00Q0000563,Social Media,Manufacturing,Manager,Italy,55,1574000.0,Professionnel,2025-10-13,1
00Q0000564,Trade Show,Food & Beverage,VP,USA,16,1023000.0,Professionnel,2024-12-10,0
00Q0000565,Email Campaign,Technology,Team Lead,Morocco,188,12052000.0,Professionnel,2025-12-23,0
00Q0000566,Social Media,Environmental,VP,USA,50,7660000.0,Personnel,2024-12-18,1
00Q0000567,Partner Referral,Technology,Individual Contributor,Belgium,58,4024000.0,Professionnel,2026-04-18,0
00Q0000568,Employee Referral,Environmental,Individual Contributor,Morocco,44,2408000.0,Professionnel,2025-04-15,0
00Q0000569,Email Campaign,Construction,VP,USA,100,14601000.0,Professionnel,2024-12-03,1
00Q0000570,Web,Hospitality,Senior Manager,UK,344,64333000.0,Professionnel,2025-03-03,0
00Q0000571,Employee Referral,Finance,Director,Germany,46,2468000.0,Professionnel,2025-12-12,1
00Q0000572,Social Media,Finance,Manager,USA,97,3646000.0,Professionnel,2024-10-18,0
00Q0000573,Social Media,Hospitality,C-Level,Germany,8,340000.0,Personnel,2025-07-29,0
00Q0000574,Webinar,Transportation,Manager,Italy,10,405000.0,Professionnel,2025-03-01,0
00Q0000575,Social Media,Healthcare,Team Lead,UK,157,8365000.0,Professionnel,2025-02-03,0
00Q0000576,Purchased List,Healthcare,C-Level,Italy,59,2593000.0,Personnel,2024-10-10,0
00Q0000577,Phone Inquiry,Manufacturing,Manager,USA,32,2511000.0,Personnel,2025-08-23,0
00Q0000578,Trade Show,Technology,Director,UAE,119,2865000.0,Professionnel,2024-10-12,1
00Q0000579,Cold Call,Entertainment,Director,USA,99,3075000.0,Personnel,2025-08-15,0
00Q0000580,Public Relations,Consulting,Director,India,219,75792000.0,Professionnel,2025-04-21,0
00Q0000581,Webinar,Healthcare,Individual Contributor,UK,38,2617000.0,Professionnel,2026-08-08,0
00Q0000582,Web,Energy,Manager,Morocco,176,19438000.0,Professionnel,2026-01-05,1
00Q0000583,Partner Referral,Recreation,Team Lead,Canada,143,13717000.0,Personnel,2025-03-16,0
00Q0000584,Phone Inquiry,Technology,C-Level,Germany,13,1169000.0,Professionnel,2026-01-02,1
00Q0000585,Partner Referral,Hospitality,Manager,USA,68,2158000.0,Personnel,2026-05-01,0
00Q0000586,Advertisement,Technology,Senior Manager,Morocco,225,8544000.0,Professionnel,2026-06-30,0
00Q0000587,Employee Referral,Healthcare,VP,USA,102,6548000.0,Personnel,2026-06-04,1
00Q0000588,Social Media,Government,VP,India,62,1794000.0,Personnel,2025-10-07,0
00Q0000589,Web,Finance,Manager,India,151,9694000.0,Professionnel,2024-12-15,1
00Q0000590,Phone Inquiry,Finance,Team Lead,France,33,1126000.0,Professionnel,2025-08-15,0
00Q0000591,Web,Apparel,Manager,India,38,2173000.0,Personnel,2025-02-12,0
00Q0000592,Purchased List,Healthcare,Manager,Germany,171,34017000.0,Professionnel,2024-11-04,0
00Q0000593,Trade Show,Technology,Manager,France,19,2054000.0,Personnel,2026-01-11,1
00Q0000594,Purchased List,Communications,Team Lead,France,943,44225000.0,Professionnel,2026-08-08,1
00Q0000595,Advertisement,Finance,Individual Contributor,UK,25,5222000.0,Professionnel,2024-10-14,1
00Q0000596,Email Campaign,Retail,Director,UK,122,6067000.0,Professionnel,2026-04-26,0
00Q0000597,Phone Inquiry,Healthcare,Manager,Germany,66,2569000.0,Professionnel,2025-01-05,0
00Q0000598,Purchased List,Construction,Manager,USA,178,23917000.0,Professionnel,2025-06-23,0
00Q0000599,Public Relations,Banking,Manager,Morocco,75,8165000.0,Professionnel,2025-02-28,0
00Q0000600,Web,Entertainment,Team Lead,Morocco,116,3433000.0,Professionnel,2026-03-07,0
00Q0000601,Purchased List,Government,Team Lead,Germany,216,39795000.0,Professionnel,2024-09-21,0
00Q0000602,Web,Construction,Individual Contributor,USA,180,16347000.0,Personnel,2024-11-26,0
00Q0000603,Purchased List,Finance,Manager,Netherlands,38,1518000.0,Personnel,2026-06-27,0
00Q0000604,Web,Biotechnology,Individual Contributor,Italy,159,6804000.0,Personnel,2026-06-18,0
00Q0000605,Web,Manufacturing,Team Lead,USA,21,1088000.0,Professionnel,2025-07-03,1
00Q0000606,Social Media,Finance,Intern,Belgium,555,49442000.0,Professionnel,2026-03-14,0
00Q0000607,Web,Hospitality,C-Level,Germany,125,4404000.0,Personnel,2026-09-08,0
00Q0000608,Partner Referral,Government,Senior Manager,France,13,1811000.0,Professionnel,2025-07-05,1
00Q0000609,Employee Referral,Energy,Team Lead,UK,23,602000.0,Personnel,2026-01-06,1
00Q0000610,Webinar,Food & Beverage,Senior Manager,India,16,693000.0,Professionnel,2025-08-04,0
00Q0000611,Social Media,Food & Beverage,Team Lead,USA,147,6509000.0,Personnel,2025-04-03,0
00Q0000612,Phone Inquiry,Hospitality,Team Lead,USA,44,6509000.0,Professionnel,2026-01-11,0
00Q0000613,Advertisement,Shipping,Team Lead,UK,192,7139000.0,Personnel,2026-05-14,0
00Q0000614,Employee Referral,Transportation,Team Lead,Morocco,55,9195000.0,Professionnel,2025-10-01,0
00Q0000615,Trade Show,Technology,VP,UK,218,6987000.0,Personnel,2025-08-24,0
00Q0000616,Advertisement,Construction,Director,USA,433,16811000.0,Personnel,2025-04-03,0
00Q0000617,Social Media,Electronics,VP,France,50,3720000.0,Professionnel,2024-11-05,0
00Q0000618,Purchased List,Not For Profit,Manager,India,160,22190000.0,Professionnel,2026-02-09,0
00Q0000619,Social Media,Transportation,Senior Manager,Italy,1389,103395000.0,Personnel,2026-03-18,0
00Q0000620,Purchased List,Healthcare,Team Lead,USA,59,3387000.0,Professionnel,2026-07-06,0
00Q0000621,Purchased List,Consulting,Individual Contributor,USA,344,30656000.0,Professionnel,2026-04-30,0
00Q0000622,Employee Referral,Communications,Team Lead,USA,12,268000.0,Professionnel,2026-04-19,1
00Q0000623,Web,Banking,Manager,Canada,94,5195000.0,Personnel,2026-01-10,0
00Q0000624,Social Media,Media,Senior Manager,Germany,155,24348000.0,Personnel,2025-05-31,0
00Q0000625,Purchased List,Not For Profit,VP,Germany,83,5021000.0,Professionnel,2025-02-08,0
00Q0000626,Web,Electronics,C-Level,UK,53,1693000.0,Personnel,2025-03-16,0
00Q0000627,Cold Call,Machinery,Director,Germany,99,16906000.0,Professionnel,2026-02-17,1
00Q0000628,Web,Banking,Individual Contributor,USA,165,6328000.0,Professionnel,2026-04-05,0
00Q0000629,Trade Show,Not For Profit,Manager,India,143,15437000.0,Professionnel,2026-04-27,1
00Q0000630,Cold Call,Construction,Director,France,100,4290000.0,Professionnel,2026-02-09,1
00Q0000631,Advertisement,Utilities,Director,USA,37,4428000.0,Professionnel,2025-12-31,0
00Q0000632,Social Media,Construction,Manager,USA,22,2226000.0,Professionnel,2024-11-23,1
00Q0000633,Email Campaign,Food & Beverage,Director,Italy,115,7263000.0,Professionnel,2025-09-11,1
00Q0000634,Web,Manufacturing,Manager,France,184,13713000.0,Professionnel,2025-05-04,1
00Q0000635,Purchased List,Retail,C-Level,UK,17,2421000.0,Professionnel,2025-08-01,1
00Q0000636,Public Relations,Banking,Manager,Canada,23,1779000.0,Personnel,2025-09-03,0
00Q0000637,Partner Referral,Entertainment,Individual Contributor,Morocco,90,1506000.0,Personnel,2026-01-26,1
00Q0000638,Advertisement,Shipping,Director,UK,304,17166000.0,Personnel,2025-07-10,0
00Q0000639,Email Campaign,Electronics,Individual Contributor,UK,13,822000.0,Personnel,2024-11-09,0
00Q0000640,Purchased List,Apparel,Manager,Morocco,2432,150234000.0,Professionnel,2026-05-04,0
00Q0000641,Phone Inquiry,Technology,Team Lead,Morocco,26,2124000.0,Professionnel,2025-11-21,0
00Q0000642,Web,Machinery,Director,France,124,2893000.0,Professionnel,2026-05-31,1
00Q0000643,Phone Inquiry,Consulting,Manager,Morocco,93,2616000.0,Professionnel,2024-11-14,0
00Q0000644,Partner Referral,Entertainment,Director,USA,100,5568000.0,Personnel,2026-09-12,0
00Q0000645,Web,Consulting,Manager,Canada,261,8619000.0,Personnel,2025-12-19,0
00Q0000646,Web,Apparel,Individual Contributor,USA,1152,47353000.0,Personnel,2025-08-15,0
00Q0000647,Web,Insurance,Director,Spain,60,2814000.0,Professionnel,2024-12-24,0
00Q0000648,Trade Show,Finance,Individual Contributor,Germany,219,40116000.0,Personnel,2025-04-21,0
00Q0000649,Phone Inquiry,Education,VP,Morocco,48,2218000.0,Personnel,2026-01-24,1
00Q0000650,Email Campaign,Technology,Director,India,22,1680000.0,Professionnel,2025-12-05,1
00Q0000651,Trade Show,Banking,Senior Manager,Germany,300,26501000.0,Personnel,2025-03-25,1
00Q0000652,Social Media,Finance,Manager,USA,8,534000.0,Personnel,2024-11-16,0
00Q0000653,Purchased List,Banking,Individual Contributor,Netherlands,70,4366000.0,Professionnel,2025-07-16,0
00Q0000654,Web,Banking,Intern,France,59,1049000.0,Professionnel,2026-08-26,0
00Q0000655,Employee Referral,Food & Beverage,Manager,France,87,5288000.0,Professionnel,2025-04-14,1
00Q0000656,Purchased List,Transportation,Senior Manager,Netherlands,34,10875000.0,Personnel,2025-06-08,0
00Q0000657,Email Campaign,Banking,Individual Contributor,Germany,24,793000.0,Personnel,2025-12-07,0
00Q0000658,Email Campaign,Banking,Director,UAE,424,30138000.0,Professionnel,2024-09-25,0
00Q0000659,Purchased List,Communications,Individual Contributor,Spain,16,1332000.0,Professionnel,2026-09-01,1
00Q0000660,Phone Inquiry,Education,Senior Manager,USA,218,44132000.0,Professionnel,2025-03-02,0
00Q0000661,Web,Finance,Individual Contributor,USA,57,3151000.0,Professionnel,2025-04-28,0
00Q0000662,Web,Education,Manager,Germany,384,13297000.0,Professionnel,2026-07-08,0
00Q0000663,Purchased List,Electronics,Individual Contributor,USA,21,2061000.0,Professionnel,2026-06-01,0
00Q0000664,Advertisement,Retail,Individual Contributor,USA,248,14429000.0,Professionnel,2025-12-18,0
00Q0000665,Employee Referral,Environmental,Individual Contributor,USA,14,292000.0,Professionnel,2024-10-17,1
00Q0000666,Email Campaign,Construction,Director,UK,437,29949000.0,Personnel,2026-06-23,0
00Q0000667,Advertisement,Shipping,Individual Contributor,Canada,153,15128000.0,Professionnel,2025-04-24,0
00Q0000668,Social Media,Retail,Manager,Canada,9,398000.0,Personnel,2025-05-16,0
00Q0000669,Webinar,Healthcare,Individual Contributor,Germany,226,13377000.0,Personnel,2025-01-09,0
00Q0000670,Web,Transportation,Manager,Spain,62,3999000.0,Personnel,2025-08-20,0
00Q0000671,Email Campaign,Technology,Senior Manager,Netherlands,61,6432000.0,Professionnel,2026-05-04,0
00Q0000672,Web,Not For Profit,Director,Spain,246,3160000.0,Professionnel,2026-04-29,1
00Q0000673,Employee Referral,Technology,VP,Germany,11,621000.0,Professionnel,2026-04-20,0
00Q0000674,Purchased List,Transportation,Manager,Germany,34,5507000.0,Personnel,2025-11-15,0
00Q0000675,Advertisement,Environmental,Manager,Netherlands,200,8026000.0,Professionnel,2025-07-11,0
00Q0000676,Employee Referral,Apparel,Team Lead,Morocco,91,4964000.0,Personnel,2025-04-01,0
00Q0000677,Advertisement,Finance,Director,USA,77,3938000.0,Professionnel,2025-09-02,0
00Q0000678,Web,Finance,Individual Contributor,France,31,611000.0,Personnel,2025-11-05,1
00Q0000679,Cold Call,Not For Profit,VP,Morocco,736,44082000.0,Professionnel,2025-09-18,0
00Q0000680,Web,Government,VP,Germany,13,580000.0,Personnel,2025-11-24,0
00Q0000681,Email Campaign,Manufacturing,Individual Contributor,France,144,10700000.0,Professionnel,2025-03-31,0
00Q0000682,Cold Call,Biotechnology,Intern,USA,363,18778000.0,Professionnel,2026-07-03,0
00Q0000683,Phone Inquiry,Manufacturing,VP,USA,522,29551000.0,Professionnel,2026-07-10,0
00Q0000684,Purchased List,Manufacturing,Senior Manager,Morocco,32,2294000.0,Professionnel,2025-02-12,0
00Q0000685,Phone Inquiry,Environmental,Team Lead,Germany,96,4662000.0,Professionnel,2025-06-14,0
00Q0000686,Social Media,Finance,Individual Contributor,Canada,183,18289000.0,Professionnel,2025-08-05,0
00Q0000687,Webinar,Finance,Senior Manager,France,199,8238000.0,Personnel,2025-08-07,0
00Q0000688,Email Campaign,Retail,Director,Germany,81,4688000.0,Professionnel,2026-04-11,1
00Q0000689,Employee Referral,Healthcare,Team Lead,Belgium,244,10718000.0,Professionnel,2025-12-11,1
00Q0000690,Web,Utilities,Manager,UK,150,16835000.0,Personnel,2026-04-02,0
00Q0000691,Web,Media,Manager,France,766,97796000.0,Personnel,2026-02-26,0
00Q0000692,Web,Communications,Manager,UK,194,5976000.0,Professionnel,2025-10-28,0
00Q0000693,Phone Inquiry,Finance,Director,Canada,19,949000.0,Professionnel,2025-08-27,0
00Q0000694,Advertisement,Media,Manager,Morocco,57,2543000.0,Personnel,2026-05-13,0
00Q0000695,Web,Education,Senior Manager,Canada,175,5845000.0,Professionnel,2025-01-16,0
00Q0000696,Trade Show,Technology,Senior Manager,Morocco,245,19408000.0,Professionnel,2025-04-20,1
00Q0000697,Webinar,Manufacturing,Individual Contributor,Italy,25,3093000.0,Personnel,2024-09-27,0
00Q0000698,Cold Call,Agriculture,Director,India,19,1227000.0,Professionnel,2026-03-27,0
00Q0000699,Employee Referral,Healthcare,Director,USA,442,9258000.0,Personnel,2026-03-24,1
00Q0000700,Web,Education,Team Lead,Germany,119,10767000.0,Professionnel,2026-06-14,0
00Q0000701,Webinar,Finance,Team Lead,USA,19,1516000.0,Professionnel,2024-12-10,1
00Q0000702,Phone Inquiry,Utilities,Team Lead,Germany,1442,143533000.0,Professionnel,2026-07-27,0
00Q0000703,Employee Referral,Consulting,C-Level,USA,114,2980000.0,Professionnel,2026-02-17,0
00Q0000704,Web,Manufacturing,Senior Manager,India,60,1673000.0,Professionnel,2026-08-16,0
00Q0000705,Phone Inquiry,Manufacturing,Individual Contributor,USA,48,3637000.0,Professionnel,2026-04-14,1
00Q0000706,Partner Referral,Hospitality,Manager,UK,28,1192000.0,Personnel,2024-11-19,0
00Q0000707,Partner Referral,Food & Beverage,Intern,UK,3648,150702000.0,Professionnel,2025-01-24,0
00Q0000708,Web,Manufacturing,Individual Contributor,Italy,45,6382000.0,Professionnel,2025-07-05,0
00Q0000709,Partner Referral,Technology,Director,France,35,5008000.0,Personnel,2025-03-23,0
00Q0000710,Web,Government,Team Lead,USA,63,4879000.0,Personnel,2026-05-15,0
00Q0000711,Email Campaign,Chemicals,Team Lead,Germany,23,943000.0,Professionnel,2025-01-03,0
00Q0000712,Purchased List,Agriculture,Manager,USA,184,16473000.0,Professionnel,2025-04-30,0
00Q0000713,Phone Inquiry,Engineering,Manager,UAE,114,19075000.0,Personnel,2025-06-02,0
00Q0000714,Webinar,Insurance,VP,France,1030,24051000.0,Professionnel,2025-02-25,1
00Q0000715,Social Media,Telecommunications,C-Level,Canada,1673,73552000.0,Personnel,2025-09-05,1
00Q0000716,Phone Inquiry,Retail,Director,UK,21,577000.0,Personnel,2025-08-25,0
00Q0000717,Purchased List,Healthcare,Individual Contributor,UK,63,1657000.0,Professionnel,2024-11-09,1
00Q0000718,Public Relations,Finance,VP,India,704,16798000.0,Professionnel,2024-11-24,1
00Q0000719,Purchased List,Healthcare,Individual Contributor,Canada,215,7696000.0,Professionnel,2025-03-26,0
00Q0000720,Webinar,Finance,Senior Manager,USA,214,10333000.0,Professionnel,2026-02-22,0
00Q0000721,Purchased List,Manufacturing,Director,UK,184,18145000.0,Professionnel,2024-11-09,1
00Q0000722,Web,Media,Team Lead,Morocco,31,1668000.0,Professionnel,2025-09-04,0
00Q0000723,Phone Inquiry,Technology,VP,France,102,4928000.0,Professionnel,2026-05-27,1
00Q0000724,Phone Inquiry,Electronics,Team Lead,UK,28,2591000.0,Professionnel,2026-06-06,0
00Q0000725,Phone Inquiry,Healthcare,VP,USA,171,31091000.0,Personnel,2024-10-13,0
00Q0000726,Webinar,Technology,Senior Manager,UK,82,3128000.0,Professionnel,2024-10-22,1
00Q0000727,Web,Chemicals,Senior Manager,UK,158,5388000.0,Personnel,2026-06-13,0
00Q0000728,Public Relations,Machinery,Individual Contributor,Netherlands,121,4534000.0,Personnel,2025-11-13,0
00Q0000729,Web,Construction,Team Lead,Morocco,413,72566000.0,Professionnel,2025-04-26,0
00Q0000730,Cold Call,Environmental,Director,UAE,66,2118000.0,Professionnel,2025-06-14,0
00Q0000731,Web,Chemicals,Manager,Italy,354,9938000.0,Personnel,2024-12-29,0
00Q0000732,Phone Inquiry,Chemicals,C-Level,USA,209,7668000.0,Professionnel,2025-05-07,1
00Q0000733,Advertisement,Food & Beverage,Director,USA,42,1696000.0,Professionnel,2025-04-21,1
00Q0000734,Advertisement,Education,Intern,USA,110,3803000.0,Professionnel,2024-10-23,0
00Q0000735,Phone Inquiry,Education,Director,France,140,5436000.0,Personnel,2026-02-25,0
00Q0000736,Partner Referral,Utilities,Team Lead,UK,527,46147000.0,Professionnel,2024-10-07,1
00Q0000737,Trade Show,Manufacturing,Team Lead,UAE,524,62203000.0,Professionnel,2026-01-12,0
00Q0000738,Web,Banking,Intern,USA,7,357000.0,Professionnel,2026-07-24,0
00Q0000739,Public Relations,Insurance,Manager,India,2064,48367000.0,Professionnel,2026-07-25,1
00Q0000740,Social Media,Energy,Director,USA,1038,23896000.0,Personnel,2026-09-11,0
00Q0000741,Partner Referral,Consulting,Director,USA,47,1046000.0,Professionnel,2026-05-16,1
00Q0000742,Advertisement,Finance,Individual Contributor,Canada,22,1097000.0,Professionnel,2026-04-21,0
00Q0000743,Webinar,Consulting,Individual Contributor,USA,83,4862000.0,Professionnel,2024-10-03,1
00Q0000744,Trade Show,Technology,Individual Contributor,India,22,1435000.0,Personnel,2024-11-14,0
00Q0000745,Purchased List,Insurance,Director,USA,479,59947000.0,Professionnel,2024-09-24,0
00Q0000746,Partner Referral,Manufacturing,Individual Contributor,Germany,116,10669000.0,Personnel,2024-11-12,0
00Q0000747,Trade Show,Construction,Manager,Netherlands,930,101190000.0,Professionnel,2025-10-21,1
00Q0000748,Cold Call,Chemicals,Team Lead,France,15,896000.0,Professionnel,2026-01-23,0
00Q0000749,Purchased List,Manufacturing,Team Lead,USA,240,4526000.0,Professionnel,2026-07-05,0
00Q0000750,Phone Inquiry,Education,Senior Manager,USA,18,380000.0,Professionnel,2026-03-01,0
00Q0000751,Email Campaign,Manufacturing,Manager,UK,17,1520000.0,Professionnel,2026-04-27,1
00Q0000752,Trade Show,Consulting,Senior Manager,Germany,6,1172000.0,Professionnel,2026-02-17,1
00Q0000753,Web,Telecommunications,C-Level,Italy,69,6251000.0,Professionnel,2026-01-24,1
00Q0000754,Web,Construction,Individual Contributor,India,299,5688000.0,Professionnel,2025-11-27,0
00Q0000755,Web,Education,Director,Belgium,147,6131000.0,Professionnel,2026-08-18,1
00Q0000756,Public Relations,Food & Beverage,VP,India,18,1042000.0,Professionnel,2025-01-01,1
00Q0000757,Purchased List,Finance,Senior Manager,UK,11,1237000.0,Professionnel,2026-08-12,0
00Q0000758,Advertisement,Hospitality,Manager,USA,266,22848000.0,Professionnel,2025-08-25,0
00Q0000759,Partner Referral,Manufacturing,Individual Contributor,France,74,2381000.0,Personnel,2025-09-06,0
00Q0000760,Cold Call,Technology,Team Lead,Italy,13,3009000.0,Professionnel,2026-08-02,1
00Q0000761,Employee Referral,Media,Team Lead,USA,18,1331000.0,Professionnel,2025-01-05,0
00Q0000762,Webinar,Healthcare,Team Lead,UK,9,1046000.0,Professionnel,2025-09-07,0
00Q0000763,Phone Inquiry,Hospitality,Director,Morocco,302,13603000.0,Professionnel,2025-04-02,0
00Q0000764,Phone Inquiry,Construction,Senior Manager,India,318,18044000.0,Professionnel,2026-08-14,1
00Q0000765,Purchased List,Technology,Senior Manager,UK,15,834000.0,Professionnel,2024-11-11,0
00Q0000766,Webinar,Shipping,Individual Contributor,Italy,207,4751000.0,Professionnel,2025-07-07,0
00Q0000767,Purchased List,Agriculture,Director,UAE,102,16222000.0,Professionnel,2025-08-23,0
00Q0000768,Partner Referral,Media,Individual Contributor,Italy,157,5759000.0,Professionnel,2025-12-11,0
00Q0000769,Web,Manufacturing,Team Lead,UK,52,1683000.0,Professionnel,2025-05-28,0
00Q0000770,Web,Food & Beverage,Senior Manager,Belgium,109,16232000.0,Personnel,2025-06-23,1
00Q0000771,Purchased List,Finance,Intern,India,118,27571000.0,Professionnel,2026-08-06,0
00Q0000772,Purchased List,Insurance,Director,France,490,15904000.0,Professionnel,2025-04-16,0
00Q0000773,Cold Call,Machinery,Manager,India,1151,39939000.0,Personnel,2025-10-09,0
00Q0000774,Trade Show,Chemicals,Manager,Spain,17,790000.0,Professionnel,2026-06-01,0
00Q0000775,Purchased List,Retail,Individual Contributor,Italy,315,19021000.0,Professionnel,2025-07-16,0
00Q0000776,Partner Referral,Chemicals,Intern,USA,188,8907000.0,Professionnel,2026-01-11,0
00Q0000777,Email Campaign,Media,Manager,Morocco,4,217000.0,Professionnel,2026-07-01,1
00Q0000778,Advertisement,Media,Manager,Italy,219,5694000.0,Personnel,2025-07-27,0
00Q0000779,Social Media,Technology,Director,France,91,5181000.0,Professionnel,2026-03-17,0
00Q0000780,Phone Inquiry,Healthcare,Senior Manager,Italy,54,6159000.0,Professionnel,2025-02-24,1
00Q0000781,Phone Inquiry,Consulting,Director,USA,153,28788000.0,Personnel,2025-06-28,0
00Q0000782,Public Relations,Banking,Individual Contributor,USA,125,9589000.0,Professionnel,2025-04-15,0
00Q0000783,Email Campaign,Technology,Individual Contributor,Belgium,100,11091000.0,Professionnel,2026-03-19,0
00Q0000784,Web,Banking,Manager,Belgium,72,7622000.0,Professionnel,2026-04-01,0
00Q0000785,Employee Referral,Healthcare,Individual Contributor,Morocco,138,10132000.0,Professionnel,2026-08-22,1
00Q0000786,Cold Call,Transportation,Director,France,19,2506000.0,Professionnel,2026-04-30,0
00Q0000787,Public Relations,Healthcare,Individual Contributor,Morocco,41,1315000.0,Professionnel,2026-07-04,0
00Q0000788,Email Campaign,Energy,Director,Germany,235,39693000.0,Personnel,2026-08-12,1
00Q0000789,Social Media,Apparel,Individual Contributor,Spain,79,2494000.0,Professionnel,2024-12-06,1
00Q0000790,Trade Show,Energy,Director,France,10,416000.0,Professionnel,2025-12-22,0
00Q0000791,Web,Retail,Individual Contributor,Spain,187,15618000.0,Professionnel,2025-11-19,0
00Q0000792,Advertisement,Manufacturing,Manager,USA,424,30671000.0,Professionnel,2025-10-26,0
00Q0000793,Web,Food & Beverage,Senior Manager,France,185,5712000.0,Professionnel,2025-07-26,0
00Q0000794,Advertisement,Technology,Manager,USA,72,7700000.0,Personnel,2025-10-05,0
00Q0000795,Web,Not For Profit,Individual Contributor,Spain,119,16230000.0,Professionnel,2025-08-25,0
00Q0000796,Employee Referral,Transportation,Senior Manager,USA,184,9229000.0,Professionnel,2025-03-18,1
00Q0000797,Social Media,Manufacturing,Manager,Italy,101,9335000.0,Professionnel,2026-05-14,0
00Q0000798,Public Relations,Food & Beverage,Director,Germany,93,9603000.0,Personnel,2026-06-12,0
00Q0000799,Employee Referral,Education,Director,Morocco,20,790000.0,Personnel,2025-05-23,1
00Q0000800,Email Campaign,Hospitality,Team Lead,Morocco,17,1029000.0,Personnel,2025-08-10,0
00Q0000801,Cold Call,Technology,Director,Belgium,71,2371000.0,Professionnel,2024-12-11,0
00Q0000802,Webinar,Technology,Manager,Morocco,47,3534000.0,Personnel,2025-02-14,1
00Q0000803,Webinar,Telecommunications,Senior Manager,Germany,257,25945000.0,Professionnel,2025-02-19,0
00Q0000804,Purchased List,Retail,Director,Belgium,234,19459000.0,Personnel,2026-04-05,0
00Q0000805,Public Relations,Environmental,Senior Manager,France,162,8909000.0,Professionnel,2025-11-20,0
00Q0000806,Purchased List,Banking,Manager,India,106,3197000.0,Personnel,2025-09-02,0
00Q0000807,Partner Referral,Finance,Team Lead,UK,16,866000.0,Professionnel,2026-09-12,1
00Q0000808,Partner Referral,Technology,Director,France,14,486000.0,Professionnel,2026-01-29,1
00Q0000809,Web,Retail,Team Lead,France,25,4145000.0,Professionnel,2026-02-22,0
00Q0000810,Cold Call,Hospitality,Manager,UAE,206,5730000.0,Professionnel,2025-12-08,0
00Q0000811,Phone Inquiry,Manufacturing,Individual Contributor,Canada,121,6265000.0,Professionnel,2026-05-20,0
00Q0000812,Email Campaign,Engineering,Team Lead,Netherlands,271,5400000.0,Professionnel,2026-03-31,0
00Q0000813,Social Media,Food & Beverage,Senior Manager,Morocco,229,12382000.0,Professionnel,2025-09-08,0
00Q0000814,Partner Referral,Technology,Senior Manager,France,29,1064000.0,Professionnel,2025-01-25,1
00Q0000815,Social Media,Shipping,Intern,Germany,34,1033000.0,Personnel,2026-08-17,0
00Q0000816,Trade Show,Transportation,Team Lead,USA,56,12798000.0,Professionnel,2026-08-19,0
00Q0000817,Cold Call,Finance,Manager,USA,19,1561000.0,Personnel,2025-12-07,0
00Q0000818,Employee Referral,Engineering,Team Lead,USA,280,83448000.0,Professionnel,2024-11-06,1
00Q0000819,Advertisement,Engineering,Individual Contributor,France,16,718000.0,Professionnel,2026-03-24,0
00Q0000820,Trade Show,Communications,Individual Contributor,Italy,18,1824000.0,Professionnel,2025-10-27,1
00Q0000821,Webinar,Hospitality,Senior Manager,Morocco,174,27501000.0,Personnel,2026-03-06,1
00Q0000822,Web,Healthcare,Team Lead,France,28,979000.0,Professionnel,2026-02-25,0
00Q0000823,Employee Referral,Telecommunications,Director,Canada,159,21219000.0,Professionnel,2025-01-26,1
00Q0000824,Purchased List,Finance,Director,France,10,613000.0,Personnel,2026-06-17,0
00Q0000825,Partner Referral,Retail,Senior Manager,UAE,81,3194000.0,Personnel,2026-08-14,1
00Q0000826,Purchased List,Finance,C-Level,Italy,82,8178000.0,Professionnel,2026-04-04,0
00Q0000827,Employee Referral,Technology,Individual Contributor,USA,23,917000.0,Professionnel,2024-10-23,0
00Q0000828,Email Campaign,Environmental,Intern,India,71,5172000.0,Professionnel,2026-03-31,0
00Q0000829,Employee Referral,Consulting,Team Lead,USA,26,673000.0,Personnel,2025-06-05,1
00Q0000830,Advertisement,Engineering,Manager,UK,53,6100000.0,Personnel,2026-04-13,0
00Q0000831,Partner Referral,Utilities,Manager,France,834,122314000.0,Professionnel,2026-05-09,1
00Q0000832,Webinar,Construction,Director,Germany,1921,142489000.0,Professionnel,2024-11-01,1
00Q0000833,Partner Referral,Technology,Manager,USA,573,40822000.0,Professionnel,2026-02-13,1
00Q0000834,Web,Government,Individual Contributor,UK,24,1399000.0,Personnel,2026-03-18,0
00Q0000835,Advertisement,Government,Manager,USA,18,1221000.0,Professionnel,2025-05-08,0
00Q0000836,Cold Call,Retail,Director,Morocco,165,9975000.0,Personnel,2025-03-19,1
00Q0000837,Web,Healthcare,Director,UK,167,10405000.0,Personnel,2025-06-29,0
00Q0000838,Purchased List,Finance,Senior Manager,USA,1432,58354000.0,Professionnel,2026-08-24,0
00Q0000839,Web,Retail,Manager,UAE,64,5314000.0,Professionnel,2026-06-13,1
00Q0000840,Web,Communications,Team Lead,Belgium,70,4514000.0,Professionnel,2026-08-09,0
00Q0000841,Social Media,Education,Director,USA,75,8379000.0,Personnel,2026-06-28,1
00Q0000842,Trade Show,Finance,Individual Contributor,France,36,3491000.0,Personnel,2025-08-30,0
00Q0000843,Web,Education,Director,France,16,605000.0,Professionnel,2026-02-17,0
00Q0000844,Trade Show,Consulting,Manager,Germany,426,21033000.0,Professionnel,2024-09-18,0
00Q0000845,Phone Inquiry,Not For Profit,Team Lead,France,53,4694000.0,Personnel,2025-04-25,0
00Q0000846,Partner Referral,Hospitality,Manager,UK,175,8571000.0,Personnel,2025-09-04,0
00Q0000847,Cold Call,Manufacturing,Manager,Morocco,115,20622000.0,Professionnel,2025-05-03,0
00Q0000848,Webinar,Communications,Intern,UK,22,943000.0,Professionnel,2026-04-08,0
00Q0000849,Webinar,Healthcare,Manager,Morocco,10,893000.0,Personnel,2024-12-08,0
00Q0000850,Employee Referral,Technology,Individual Contributor,Spain,88,9695000.0,Personnel,2026-03-20,1
00Q0000851,Web,Energy,Intern,Germany,122,6585000.0,Professionnel,2026-01-31,0
00Q0000852,Email Campaign,Technology,Manager,Italy,392,12912000.0,Professionnel,2026-06-16,0
00Q0000853,Email Campaign,Healthcare,Senior Manager,UAE,492,39837000.0,Professionnel,2024-09-18,1
00Q0000854,Social Media,Recreation,Director,Canada,80,4791000.0,Professionnel,2025-10-13,0
00Q0000855,Email Campaign,Telecommunications,Team Lead,Germany,58,3304000.0,Personnel,2025-12-25,0
00Q0000856,Advertisement,Education,Individual Contributor,USA,211,16082000.0,Professionnel,2025-04-12,0
00Q0000857,Webinar,Finance,VP,Germany,933,37439000.0,Professionnel,2026-01-12,1
00Q0000858,Partner Referral,Consulting,Senior Manager,France,518,21745000.0,Professionnel,2025-06-19,1
00Q0000859,Purchased List,Education,Senior Manager,Spain,147,4369000.0,Professionnel,2025-11-09,0
00Q0000860,Trade Show,Retail,C-Level,Morocco,29,1251000.0,Professionnel,2026-02-13,0
00Q0000861,Social Media,Consulting,Director,UK,53,3798000.0,Professionnel,2025-08-26,1
00Q0000862,Advertisement,Manufacturing,Manager,UAE,409,19014000.0,Professionnel,2026-05-18,0
00Q0000863,Trade Show,Apparel,Manager,France,339,14295000.0,Personnel,2025-08-05,0
00Q0000864,Advertisement,Media,Director,Canada,479,25560000.0,Professionnel,2026-03-14,0
00Q0000865,Webinar,Consulting,VP,Belgium,102,6260000.0,Professionnel,2025-01-26,1
00Q0000866,Purchased List,Finance,Manager,Germany,180,10355000.0,Professionnel,2026-06-07,0
00Q0000867,Purchased List,Healthcare,Team Lead,France,143,10516000.0,Professionnel,2025-04-16,0
00Q0000868,Purchased List,Healthcare,Intern,UK,29,1751000.0,Professionnel,2026-03-15,0
00Q0000869,Phone Inquiry,Insurance,Senior Manager,UK,63,3960000.0,Personnel,2026-01-23,1
00Q0000870,Webinar,Engineering,Manager,USA,28,1828000.0,Professionnel,2025-08-08,1
00Q0000871,Partner Referral,Transportation,Individual Contributor,France,1675,82060000.0,Professionnel,2026-04-22,1
00Q0000872,Cold Call,Food & Beverage,C-Level,Canada,163,4500000.0,Professionnel,2026-04-27,1
00Q0000873,Webinar,Energy,Manager,France,59,5507000.0,Professionnel,2026-02-25,1
00Q0000874,Webinar,Manufacturing,Intern,Canada,5,914000.0,Personnel,2026-08-01,0
00Q0000875,Partner Referral,Food & Beverage,Manager,USA,42,2301000.0,Professionnel,2026-07-04,1
00Q0000876,Phone Inquiry,Telecommunications,Senior Manager,USA,51,1741000.0,Professionnel,2024-11-10,0
00Q0000877,Phone Inquiry,Manufacturing,Director,India,178,6575000.0,Professionnel,2025-05-26,1
00Q0000878,Webinar,Engineering,VP,India,2786,59256000.0,Professionnel,2025-05-07,0
00Q0000879,Trade Show,Communications,Individual Contributor,UK,39,1669000.0,Professionnel,2026-07-02,0
00Q0000880,Email Campaign,Agriculture,Director,France,1008,97844000.0,Professionnel,2025-06-12,1
00Q0000881,Web,Finance,Manager,France,998,51760000.0,Professionnel,2025-08-14,1
00Q0000882,Email Campaign,Machinery,Team Lead,Germany,160,8412000.0,Personnel,2025-02-06,0
00Q0000883,Email Campaign,Media,Director,USA,13,432000.0,Professionnel,2025-10-30,0
00Q0000884,Trade Show,Retail,Intern,UK,244,6393000.0,Professionnel,2025-08-24,0
00Q0000885,Webinar,Manufacturing,Senior Manager,USA,207,29636000.0,Professionnel,2026-06-17,0
00Q0000886,Phone Inquiry,Not For Profit,Team Lead,Italy,18,1988000.0,Personnel,2025-11-14,0
00Q0000887,Social Media,Media,Manager,Morocco,94,5449000.0,Professionnel,2026-02-15,1
00Q0000888,Employee Referral,Engineering,Team Lead,USA,209,6266000.0,Professionnel,2024-12-16,1
00Q0000889,Web,Technology,Senior Manager,USA,166,8086000.0,Personnel,2025-03-29,0
00Q0000890,Web,Consulting,Individual Contributor,France,78,9714000.0,Personnel,2024-12-04,0
00Q0000891,Phone Inquiry,Retail,Individual Contributor,USA,136,7793000.0,Professionnel,2026-05-12,1
00Q0000892,Public Relations,Consulting,Manager,UK,19,805000.0,Personnel,2025-10-16,0
00Q0000893,Advertisement,Chemicals,Intern,USA,48,719000.0,Personnel,2025-08-19,0
00Q0000894,Web,Entertainment,Intern,Morocco,240,12905000.0,Professionnel,2025-09-30,0
00Q0000895,Phone Inquiry,Chemicals,Manager,UK,53,4412000.0,Professionnel,2026-03-11,0
00Q0000896,Web,Telecommunications,VP,India,159,9722000.0,Professionnel,2024-11-29,1
00Q0000897,Web,Electronics,Individual Contributor,UK,25,1342000.0,Personnel,2025-04-19,0
00Q0000898,Trade Show,Telecommunications,VP,UK,543,9653000.0,Professionnel,2026-04-15,0
00Q0000899,Social Media,Hospitality,Director,India,37,3684000.0,Personnel,2026-01-29,0
00Q0000900,Web,Not For Profit,Team Lead,USA,272,15677000.0,Personnel,2026-09-17,0
00Q0000901,Employee Referral,Retail,Manager,Germany,174,10177000.0,Personnel,2026-01-12,0
00Q0000902,Web,Education,Team Lead,Spain,58,2398000.0,Professionnel,2024-10-29,0
00Q0000903,Purchased List,Construction,Director,Belgium,8,439000.0,Professionnel,2026-05-13,0
00Q0000904,Advertisement,Chemicals,Individual Contributor,USA,247,18567000.0,Professionnel,2024-09-21,1
00Q0000905,Purchased List,Energy,Individual Contributor,France,127,23648000.0,Personnel,2025-07-02,0
00Q0000906,Web,Technology,Individual Contributor,France,46,2793000.0,Personnel,2025-09-17,0
00Q0000907,Employee Referral,Construction,Manager,Italy,259,27051000.0,Professionnel,2024-11-03,0
00Q0000908,Purchased List,Manufacturing,Team Lead,France,108,9892000.0,Personnel,2025-01-07,0
00Q0000909,Email Campaign,Finance,Director,Germany,210,29916000.0,Personnel,2024-11-01,0
00Q0000910,Social Media,Manufacturing,Intern,France,40,980000.0,Personnel,2025-09-15,0
00Q0000911,Webinar,Food & Beverage,Director,UK,206,22830000.0,Professionnel,2025-08-03,1
00Q0000912,Advertisement,Healthcare,Manager,USA,44,2007000.0,Personnel,2026-06-17,0
00Q0000913,Partner Referral,Insurance,Team Lead,France,16,1925000.0,Professionnel,2025-01-30,1
00Q0000914,Purchased List,Manufacturing,Individual Contributor,USA,13,2425000.0,Professionnel,2025-10-04,0
00Q0000915,Cold Call,Technology,Director,Canada,30,1689000.0,Professionnel,2024-11-03,0
00Q0000916,Social Media,Consulting,Manager,UK,401,34941000.0,Professionnel,2026-08-27,1
00Q0000917,Public Relations,Communications,Individual Contributor,France,96,12733000.0,Professionnel,2025-12-24,0
00Q0000918,Public Relations,Telecommunications,Director,Italy,48,1635000.0,Professionnel,2025-04-16,0
00Q0000919,Purchased List,Apparel,Director,UK,38,4323000.0,Professionnel,2025-01-20,0
00Q0000920,Cold Call,Banking,Senior Manager,UAE,19,1773000.0,Personnel,2026-07-13,0
00Q0000921,Advertisement,Healthcare,Manager,Belgium,177,7728000.0,Professionnel,2024-10-04,0
00Q0000922,Web,Hospitality,Manager,Spain,16,1258000.0,Professionnel,2025-01-01,0
00Q0000923,Trade Show,Apparel,Manager,Morocco,35,2980000.0,Professionnel,2025-07-31,0
00Q0000924,Purchased List,Finance,Manager,USA,26,817000.0,Personnel,2026-01-02,0
00Q0000925,Web,Healthcare,Senior Manager,Italy,292,14942000.0,Personnel,2025-03-25,0
00Q0000926,Phone Inquiry,Manufacturing,Individual Contributor,UAE,66,1563000.0,Professionnel,2025-03-18,0
00Q0000927,Social Media,Healthcare,Senior Manager,France,38,815000.0,Personnel,2026-05-17,0
00Q0000928,Email Campaign,Shipping,Manager,Morocco,136,8093000.0,Personnel,2025-10-07,0
00Q0000929,Web,Technology,Intern,UK,50,688000.0,Professionnel,2025-07-31,0
00Q0000930,Partner Referral,Telecommunications,Manager,UK,384,42579000.0,Professionnel,2024-11-16,1
00Q0000931,Purchased List,Healthcare,Manager,Morocco,43,2251000.0,Professionnel,2026-08-24,0
00Q0000932,Email Campaign,Healthcare,Manager,UAE,220,16097000.0,Personnel,2026-03-09,0
00Q0000933,Social Media,Government,Manager,UK,97,4524000.0,Personnel,2026-07-26,0
00Q0000934,Web,Finance,Director,Germany,95,5389000.0,Professionnel,2025-10-25,1
00Q0000935,Advertisement,Not For Profit,Individual Contributor,France,286,10498000.0,Personnel,2025-07-12,0
00Q0000936,Phone Inquiry,Machinery,Individual Contributor,UK,4742,258341000.0,Personnel,2025-08-27,0
00Q0000937,Web,Food & Beverage,VP,UK,199,14786000.0,Professionnel,2026-05-22,1
00Q0000938,Web,Retail,Individual Contributor,Belgium,433,19007000.0,Personnel,2025-12-24,0
00Q0000939,Purchased List,Manufacturing,Team Lead,Morocco,83,1266000.0,Personnel,2026-01-13,0
00Q0000940,Partner Referral,Apparel,Individual Contributor,France,187,14263000.0,Professionnel,2026-04-14,1
00Q0000941,Web,Banking,Manager,UK,30,716000.0,Professionnel,2025-06-23,1
00Q0000942,Employee Referral,Retail,Director,USA,180,11822000.0,Professionnel,2025-10-23,0
00Q0000943,Web,Electronics,Manager,Germany,177,4942000.0,Professionnel,2026-07-04,1
00Q0000944,Partner Referral,Agriculture,Manager,UAE,176,18336000.0,Professionnel,2026-01-04,1
00Q0000945,Web,Education,Individual Contributor,Netherlands,10,521000.0,Personnel,2026-04-23,0
00Q0000946,Public Relations,Education,Manager,France,9,325000.0,Personnel,2025-06-03,0
00Q0000947,Webinar,Manufacturing,Manager,Netherlands,38,1533000.0,Personnel,2024-11-11,0
00Q0000948,Partner Referral,Engineering,Individual Contributor,Germany,60,2917000.0,Professionnel,2025-06-11,1
00Q0000949,Phone Inquiry,Biotechnology,Director,India,25,1530000.0,Professionnel,2024-10-07,0
00Q0000950,Purchased List,Entertainment,Director,India,479,42274000.0,Professionnel,2025-10-28,0
00Q0000951,Webinar,Apparel,Senior Manager,USA,569,57794000.0,Personnel,2026-02-22,1
00Q0000952,Email Campaign,Retail,Manager,UK,75,2779000.0,Personnel,2026-04-07,0
00Q0000953,Social Media,Consulting,Manager,Spain,1,31000.0,Personnel,2026-05-02,0
00Q0000954,Cold Call,Utilities,Manager,Belgium,495,25714000.0,Professionnel,2026-08-28,1
00Q0000955,Web,Energy,Senior Manager,Italy,28,1474000.0,Personnel,2024-11-02,0
00Q0000956,Email Campaign,Technology,Senior Manager,USA,87,4326000.0,Professionnel,2025-04-03,0
00Q0000957,Web,Construction,Senior Manager,USA,251,12584000.0,Personnel,2024-12-17,0
00Q0000958,Social Media,Food & Beverage,Manager,France,39,1599000.0,Professionnel,2025-04-11,0
00Q0000959,Social Media,Retail,VP,Morocco,87,3562000.0,Professionnel,2026-05-09,1
00Q0000960,Cold Call,Communications,Team Lead,France,1882,305084000.0,Professionnel,2024-12-15,1
00Q0000961,Phone Inquiry,Technology,VP,France,289,22158000.0,Professionnel,2024-10-15,0
00Q0000962,Purchased List,Insurance,VP,India,84,3194000.0,Personnel,2026-07-17,0
00Q0000963,Web,Energy,Manager,Germany,40,3337000.0,Personnel,2026-01-27,0
00Q0000964,Email Campaign,Government,Senior Manager,USA,39,8252000.0,Professionnel,2024-11-16,0
00Q0000965,Web,Construction,Individual Contributor,France,55,6906000.0,Personnel,2024-10-27,0
00Q0000966,Employee Referral,Healthcare,Manager,UK,137,1784000.0,Professionnel,2025-05-14,1
00Q0000967,Purchased List,Machinery,Manager,USA,185,19761000.0,Personnel,2025-08-01,0
00Q0000968,Web,Manufacturing,Manager,Italy,74,2574000.0,Personnel,2024-12-09,0
00Q0000969,Phone Inquiry,Finance,Manager,UK,82,2644000.0,Professionnel,2025-03-04,0
00Q0000970,Public Relations,Construction,Director,UK,415,32352000.0,Professionnel,2025-10-21,0
00Q0000971,Phone Inquiry,Transportation,Individual Contributor,Belgium,53,4344000.0,Professionnel,2025-03-24,0
00Q0000972,Advertisement,Machinery,Manager,France,73,2804000.0,Professionnel,2025-11-01,0
00Q0000973,Purchased List,Technology,Manager,USA,390,42682000.0,Professionnel,2025-02-18,0
00Q0000974,Web,Manufacturing,Director,Spain,121,7077000.0,Personnel,2025-12-19,0
00Q0000975,Web,Banking,Senior Manager,India,83,2245000.0,Professionnel,2025-02-19,0
00Q0000976,Purchased List,Insurance,Director,Morocco,142,9531000.0,Personnel,2026-03-02,0
00Q0000977,Purchased List,Manufacturing,Director,Morocco,35,1844000.0,Personnel,2026-04-19,0
00Q0000978,Web,Apparel,Director,Belgium,539,14637000.0,Professionnel,2025-01-25,0
00Q0000979,Trade Show,Hospitality,Team Lead,France,268,23350000.0,Professionnel,2025-10-18,0
00Q0000980,Web,Technology,Director,Canada,10,1334000.0,Professionnel,2026-07-10,1
00Q0000981,Advertisement,Manufacturing,Director,Italy,21,600000.0,Professionnel,2025-07-18,0
00Q0000982,Advertisement,Technology,Team Lead,Canada,79,8388000.0,Professionnel,2024-11-26,0
00Q0000983,Webinar,Consulting,Team Lead,Canada,27,1178000.0,Professionnel,2025-04-13,0
00Q0000984,Employee Referral,Retail,C-Level,Germany,18,1231000.0,Personnel,2026-04-02,1
00Q0000985,Employee Referral,Media,Manager,Morocco,19,1617000.0,Professionnel,2025-12-25,0
00Q0000986,Webinar,Entertainment,Director,Germany,476,20231000.0,Professionnel,2026-05-31,0
00Q0000987,Phone Inquiry,Technology,C-Level,Netherlands,64,5171000.0,Personnel,2026-01-02,0
00Q0000988,Webinar,Media,Individual Contributor,USA,62,1885000.0,Professionnel,2025-11-29,1
00Q0000989,Web,Education,C-Level,Spain,57,2326000.0,Personnel,2025-09-01,0
00Q0000990,Webinar,Environmental,Individual Contributor,USA,49,4329000.0,Personnel,2024-10-19,0
00Q0000991,Web,Government,C-Level,UK,1517,97364000.0,Personnel,2026-02-09,0
00Q0000992,Web,Banking,Individual Contributor,USA,107,4680000.0,Professionnel,2025-12-18,0
00Q0000993,Phone Inquiry,Technology,Senior Manager,Italy,4,236000.0,Personnel,2026-07-31,0
00Q0000994,Partner Referral,Retail,Manager,UK,5,497000.0,Professionnel,2024-12-02,0
00Q0000995,Phone Inquiry,Retail,Individual Contributor,Germany,273,17496000.0,Professionnel,2025-01-09,0
00Q0000996,Web,Manufacturing,Team Lead,Spain,118,13016000.0,Personnel,2024-12-16,0
00Q0000997,Email Campaign,Media,Director,USA,24,1579000.0,Professionnel,2025-12-31,0
00Q0000998,Purchased List,Electronics,Director,France,59,11440000.0,Professionnel,2025-08-09,0
00Q0000999,Email Campaign,Not For Profit,Senior Manager,Spain,159,17519000.0,Professionnel,2026-04-23,1
00Q0001000,Web,Banking,Intern,Morocco,14,413000.0,Professionnel,2024-10-21,0
00Q0001001,Advertisement,Construction,Team Lead,India,43,1523000.0,Professionnel,2025-05-16,0
00Q0001002,Purchased List,Construction,Individual Contributor,India,57,2984000.0,Personnel,2026-06-09,0
00Q0001003,Email Campaign,Consulting,Team Lead,France,26,892000.0,Personnel,2024-12-10,0
00Q0001004,Trade Show,Government,C-Level,UK,19,693000.0,Professionnel,2026-05-09,1
00Q0001005,Advertisement,Consulting,Individual Contributor,France,186,12723000.0,Professionnel,2026-05-20,1
00Q0001006,Purchased List,Banking,Manager,Spain,44,1638000.0,Personnel,2026-02-26,0
00Q0001007,Purchased List,Not For Profit,Individual Contributor,USA,51,7538000.0,Professionnel,2024-09-17,0
00Q0001008,Email Campaign,Manufacturing,Manager,Morocco,115,4365000.0,Professionnel,2025-03-29,0
00Q0001009,Web,Retail,Manager,Canada,1110,63030000.0,Professionnel,2026-04-30,0
00Q0001010,Trade Show,Retail,VP,USA,526,24249000.0,Personnel,2026-03-12,0
00Q0001011,Partner Referral,Banking,Manager,USA,50,1792000.0,Professionnel,2026-04-30,1
00Q0001012,Web,Retail,Manager,Netherlands,84,2365000.0,Professionnel,2026-07-07,0
00Q0001013,Webinar,Technology,Senior Manager,Morocco,109,5431000.0,Professionnel,2026-07-18,1
00Q0001014,Purchased List,Apparel,Manager,Morocco,201,8777000.0,Professionnel,2026-05-10,0
00Q0001015,Web,Machinery,Director,Germany,98,1967000.0,Professionnel,2025-02-19,0
00Q0001016,Social Media,Consulting,Manager,Spain,57,2208000.0,Professionnel,2025-11-06,0
00Q0001017,Purchased List,Manufacturing,Manager,Germany,248,20883000.0,Professionnel,2024-10-09,0
00Q0001018,Email Campaign,Biotechnology,Senior Manager,France,44,1686000.0,Professionnel,2025-10-21,0
00Q0001019,Social Media,Government,Director,Canada,36,4371000.0,Personnel,2026-04-28,0
00Q0001020,Advertisement,Finance,Individual Contributor,Netherlands,104,5748000.0,Professionnel,2025-11-23,0
00Q0001021,Phone Inquiry,Technology,Director,Morocco,29,1005000.0,Professionnel,2026-04-21,1
00Q0001022,Trade Show,Banking,Manager,USA,69,6357000.0,Professionnel,2025-03-03,0
00Q0001023,Webinar,Agriculture,VP,USA,135,7082000.0,Professionnel,2025-09-12,1
00Q0001024,Web,Healthcare,Team Lead,France,98,5404000.0,Personnel,2026-07-18,0
00Q0001025,Trade Show,Hospitality,Director,India,111,9338000.0,Professionnel,2025-02-28,1
00Q0001026,Social Media,Retail,Director,Morocco,98,2597000.0,Professionnel,2025-12-15,0
00Q0001027,Phone Inquiry,Technology,VP,Canada,327,12121000.0,Personnel,2025-06-18,1
00Q0001028,Phone Inquiry,Government,Manager,Belgium,214,15511000.0,Professionnel,2025-12-13,0
00Q0001029,Advertisement,Retail,Manager,USA,57,2394000.0,Professionnel,2024-10-02,0
00Q0001030,Advertisement,Biotechnology,Team Lead,USA,15,1739000.0,Personnel,2026-08-24,0
00Q0001031,Phone Inquiry,Finance,Senior Manager,India,65,3458000.0,Professionnel,2025-06-27,0
00Q0001032,Public Relations,Retail,Manager,UK,201,26153000.0,Personnel,2026-06-17,0
00Q0001033,Partner Referral,Insurance,Director,USA,36,1292000.0,Professionnel,2025-07-25,1
00Q0001034,Phone Inquiry,Chemicals,Director,Canada,445,12740000.0,Personnel,2026-03-30,0
00Q0001035,Purchased List,Finance,Individual Contributor,France,39,1987000.0,Personnel,2026-04-14,0
00Q0001036,Web,Retail,Director,Netherlands,5,302000.0,Professionnel,2026-03-30,1
00Q0001037,Web,Manufacturing,C-Level,UK,45,1579000.0,Professionnel,2026-08-05,0
00Q0001038,Email Campaign,Manufacturing,Manager,Canada,173,11127000.0,Professionnel,2024-11-24,0
00Q0001039,Cold Call,Engineering,Director,UAE,59,3527000.0,Professionnel,2025-01-11,0
00Q0001040,Social Media,Food & Beverage,Team Lead,Germany,80,1303000.0,Personnel,2025-06-14,0
00Q0001041,Purchased List,Education,VP,India,30,1751000.0,Professionnel,2026-02-20,0
00Q0001042,Social Media,Technology,Senior Manager,Italy,343,8691000.0,Professionnel,2024-11-17,0
00Q0001043,Trade Show,Technology,Manager,Germany,52,3135000.0,Professionnel,2024-09-19,1
00Q0001044,Web,Insurance,Director,Morocco,75,5365000.0,Professionnel,2025-09-06,1
00Q0001045,Partner Referral,Transportation,Team Lead,Germany,894,57594000.0,Personnel,2025-08-27,1
00Q0001046,Partner Referral,Apparel,Director,Germany,186,13149000.0,Professionnel,2026-08-03,1
00Q0001047,Email Campaign,Retail,Team Lead,USA,103,3868000.0,Professionnel,2025-05-26,0
00Q0001048,Trade Show,Telecommunications,Individual Contributor,Spain,259,22533000.0,Professionnel,2025-12-27,1
00Q0001049,Phone Inquiry,Technology,Manager,France,376,23166000.0,Professionnel,2026-01-09,0
00Q0001050,Web,Retail,Director,Italy,89,688000.0,Professionnel,2025-12-28,0
00Q0001051,Web,Consulting,Individual Contributor,USA,92,4342000.0,Professionnel,2026-01-12,0
00Q0001052,Partner Referral,Manufacturing,Senior Manager,UK,419,36808000.0,Professionnel,2026-08-17,1
00Q0001053,Web,Healthcare,Manager,USA,29,1211000.0,Personnel,2025-10-08,0
00Q0001054,Purchased List,Technology,Senior Manager,Netherlands,107,15771000.0,Personnel,2026-09-15,0
00Q0001055,Web,Technology,C-Level,UAE,135,4906000.0,Professionnel,2025-01-29,0
00Q0001056,Phone Inquiry,Technology,Manager,France,87,1397000.0,Professionnel,2024-12-29,1
00Q0001057,Email Campaign,Healthcare,Team Lead,Italy,193,20164000.0,Personnel,2025-09-15,0
00Q0001058,Web,Construction,Director,USA,915,31512000.0,Personnel,2026-08-11,1
00Q0001059,Email Campaign,Media,Team Lead,Spain,620,49611000.0,Professionnel,2026-05-15,0
00Q0001060,Employee Referral,Electronics,Manager,India,155,7817000.0,Professionnel,2026-01-02,1
00Q0001061,Social Media,Finance,Individual Contributor,USA,1429,159832000.0,Personnel,2025-02-14,0
00Q0001062,Email Campaign,Transportation,Manager,Spain,61,1708000.0,Professionnel,2025-12-07,0
00Q0001063,Social Media,Hospitality,Senior Manager,Morocco,72,4317000.0,Professionnel,2024-11-12,0
00Q0001064,Purchased List,Transportation,Manager,UK,1406,21697000.0,Personnel,2026-08-08,0
00Q0001065,Email Campaign,Construction,Director,France,51,5408000.0,Personnel,2025-05-31,0
00Q0001066,Phone Inquiry,Banking,Manager,USA,76,5355000.0,Professionnel,2025-02-01,1
00Q0001067,Email Campaign,Technology,Individual Contributor,Spain,2,184000.0,Personnel,2025-03-07,0
00Q0001068,Advertisement,Healthcare,Director,USA,1449,121156000.0,Professionnel,2025-03-20,1
00Q0001069,Web,Retail,Team Lead,France,102,7512000.0,Professionnel,2025-05-14,0
00Q0001070,Webinar,Healthcare,Intern,Canada,173,17510000.0,Professionnel,2026-06-10,0
00Q0001071,Web,Food & Beverage,Individual Contributor,UK,1092,49007000.0,Personnel,2025-10-07,0
00Q0001072,Public Relations,Recreation,Team Lead,India,151,7064000.0,Professionnel,2026-01-04,1
00Q0001073,Partner Referral,Manufacturing,Manager,Spain,43,3280000.0,Personnel,2024-12-10,0
00Q0001074,Webinar,Technology,Intern,USA,104,4320000.0,Professionnel,2025-01-25,0
00Q0001075,Web,Biotechnology,C-Level,Canada,241,17330000.0,Professionnel,2025-06-11,1
00Q0001076,Trade Show,Retail,Director,UK,21,1204000.0,Professionnel,2025-04-02,1
00Q0001077,Partner Referral,Entertainment,VP,France,120,11908000.0,Professionnel,2025-07-09,0
00Q0001078,Cold Call,Communications,Senior Manager,UK,30,1552000.0,Professionnel,2025-07-23,1
00Q0001079,Web,Banking,Senior Manager,Belgium,50,3192000.0,Professionnel,2026-05-24,0
00Q0001080,Webinar,Recreation,VP,Canada,3,123000.0,Personnel,2025-03-03,0
00Q0001081,Email Campaign,Education,Team Lead,France,1272,38213000.0,Personnel,2025-11-02,0
00Q0001082,Web,Retail,Individual Contributor,UAE,112,6413000.0,Professionnel,2025-03-12,0
00Q0001083,Web,Telecommunications,Senior Manager,Italy,70,11909000.0,Professionnel,2025-07-27,0
00Q0001084,Social Media,Healthcare,Director,India,19,640000.0,Personnel,2026-03-04,0
00Q0001085,Cold Call,Education,Director,France,944,75225000.0,Professionnel,2026-09-16,1
00Q0001086,Phone Inquiry,Banking,VP,USA,12,219000.0,Professionnel,2026-08-07,0
00Q0001087,Web,Transportation,Individual Contributor,Belgium,43,3633000.0,Professionnel,2025-06-17,1
00Q0001088,Web,Manufacturing,Director,Canada,50,4179000.0,Professionnel,2024-12-06,1
00Q0001089,Web,Healthcare,Senior Manager,USA,52,1347000.0,Professionnel,2025-07-21,0
00Q0001090,Purchased List,Government,Senior Manager,UK,70,1846000.0,Professionnel,2026-01-31,0
00Q0001091,Purchased List,Government,Senior Manager,Canada,28,1950000.0,Professionnel,2025-09-03,0
00Q0001092,Email Campaign,Entertainment,Manager,UAE,330,13629000.0,Personnel,2024-11-02,0
00Q0001093,Web,Transportation,Team Lead,Morocco,26,1770000.0,Professionnel,2026-03-03,0
00Q0001094,Partner Referral,Manufacturing,Team Lead,Belgium,47,1486000.0,Professionnel,2025-02-17,0
00Q0001095,Web,Biotechnology,Director,Morocco,309,18273000.0,Professionnel,2024-10-11,1
00Q0001096,Purchased List,Retail,Team Lead,USA,76,5983000.0,Personnel,2025-03-05,0
00Q0001097,Webinar,Telecommunications,Team Lead,Spain,1626,299282000.0,Professionnel,2026-01-04,1
00Q0001098,Social Media,Finance,Manager,France,225,22942000.0,Professionnel,2025-05-04,0
00Q0001099,Web,Hospitality,Intern,Germany,37,1740000.0,Professionnel,2024-10-05,0
00Q0001100,Web,Recreation,Director,Germany,34,896000.0,Professionnel,2026-08-16,0
00Q0001101,Social Media,Education,VP,USA,492,13101000.0,Professionnel,2024-10-17,1
00Q0001102,Trade Show,Government,Individual Contributor,India,64,4903000.0,Personnel,2024-09-17,0
00Q0001103,Social Media,Education,Senior Manager,Germany,250,66643000.0,Professionnel,2024-12-31,0
00Q0001104,Web,Not For Profit,Individual Contributor,USA,34,3439000.0,Professionnel,2025-01-30,0
00Q0001105,Web,Environmental,Individual Contributor,France,54,4437000.0,Professionnel,2025-04-05,0
00Q0001106,Purchased List,Banking,Senior Manager,USA,518,11985000.0,Professionnel,2025-03-29,0
00Q0001107,Purchased List,Hospitality,Senior Manager,USA,16,1006000.0,Professionnel,2024-12-07,0
00Q0001108,Web,Retail,Team Lead,Germany,1328,198869000.0,Personnel,2026-08-17,0
00Q0001109,Webinar,Construction,Team Lead,India,303,57382000.0,Professionnel,2024-12-11,1
00Q0001110,Web,Electronics,Manager,Germany,584,35171000.0,Professionnel,2026-04-07,0
00Q0001111,Purchased List,Technology,Manager,USA,292,26948000.0,Professionnel,2025-04-16,0
00Q0001112,Web,Manufacturing,Director,Morocco,37,1716000.0,Professionnel,2025-03-24,0
00Q0001113,Purchased List,Technology,Manager,Morocco,66,3122000.0,Professionnel,2026-08-06,0
00Q0001114,Webinar,Apparel,Individual Contributor,UK,162,9100000.0,Personnel,2024-12-17,0
00Q0001115,Web,Utilities,Manager,India,27,2254000.0,Personnel,2024-11-27,0
00Q0001116,Advertisement,Retail,Manager,Canada,28,1730000.0,Professionnel,2026-04-12,0
00Q0001117,Web,Entertainment,Individual Contributor,France,154,17210000.0,Professionnel,2026-01-03,0
00Q0001118,Web,Food & Beverage,Team Lead,Morocco,61,10575000.0,Personnel,2026-08-05,0
00Q0001119,Trade Show,Electronics,Manager,UAE,183,4229000.0,Personnel,2025-04-10,0
00Q0001120,Partner Referral,Communications,Manager,Netherlands,203,13645000.0,Professionnel,2025-12-09,1
00Q0001121,Cold Call,Electronics,Director,UK,140,13510000.0,Personnel,2026-02-16,0
00Q0001122,Purchased List,Transportation,Individual Contributor,UK,1256,106300000.0,Personnel,2025-06-09,0
00Q0001123,Web,Education,VP,USA,129,4732000.0,Professionnel,2026-01-29,1
00Q0001124,Purchased List,Insurance,Manager,UK,931,50966000.0,Personnel,2026-06-12,1
00Q0001125,Purchased List,Transportation,Individual Contributor,Germany,1578,61922000.0,Professionnel,2024-09-28,0
00Q0001126,Web,Construction,Individual Contributor,Belgium,1293,58191000.0,Professionnel,2026-07-20,1
00Q0001127,Webinar,Education,Director,Canada,49,3074000.0,Professionnel,2026-04-28,0
00Q0001128,Web,Banking,VP,Spain,145,3901000.0,Professionnel,2025-07-16,1
00Q0001129,Purchased List,Food & Beverage,VP,Canada,66,5862000.0,Personnel,2025-07-06,0
00Q0001130,Employee Referral,Government,VP,India,95,2145000.0,Professionnel,2026-08-21,1
00Q0001131,Trade Show,Consulting,Individual Contributor,Morocco,39,1040000.0,Professionnel,2025-06-28,1
00Q0001132,Cold Call,Food & Beverage,Senior Manager,France,962,32634000.0,Professionnel,2025-03-26,0
00Q0001133,Web,Media,Manager,Canada,100,2597000.0,Professionnel,2026-05-13,0
00Q0001134,Trade Show,Utilities,Team Lead,Morocco,18,1352000.0,Personnel,2025-11-29,0
00Q0001135,Social Media,Media,Individual Contributor,Germany,150,19719000.0,Professionnel,2025-08-29,0
00Q0001136,Trade Show,Energy,Manager,USA,489,12095000.0,Professionnel,2025-09-08,0
00Q0001137,Employee Referral,Biotechnology,Individual Contributor,Morocco,669,60165000.0,Personnel,2025-07-04,0
00Q0001138,Advertisement,Retail,Director,UK,715,38007000.0,Personnel,2026-08-17,0
00Q0001139,Web,Machinery,Individual Contributor,Netherlands,28,5567000.0,Personnel,2025-04-03,0
00Q0001140,Social Media,Food & Beverage,Manager,Spain,33,3307000.0,Professionnel,2025-03-04,0
00Q0001141,Web,Consulting,Manager,Canada,11,739000.0,Professionnel,2026-02-08,0
00Q0001142,Phone Inquiry,Finance,Senior Manager,UK,33,2116000.0,Personnel,2026-05-17,0
00Q0001143,Advertisement,Insurance,Manager,UAE,94,13930000.0,Professionnel,2026-09-11,1
00Q0001144,Partner Referral,Communications,Individual Contributor,USA,515,22084000.0,Professionnel,2024-12-30,1
00Q0001145,Employee Referral,Finance,Team Lead,USA,44,5697000.0,Professionnel,2025-06-10,1
00Q0001146,Phone Inquiry,Machinery,Manager,Germany,72,1108000.0,Professionnel,2025-12-05,0
00Q0001147,Webinar,Consulting,Team Lead,UK,243,9358000.0,Professionnel,2026-06-15,1
00Q0001148,Advertisement,Banking,Intern,USA,274,23897000.0,Professionnel,2025-03-30,0
00Q0001149,Web,Telecommunications,VP,USA,402,41964000.0,Personnel,2025-08-03,0
00Q0001150,Phone Inquiry,Education,Individual Contributor,India,261,5564000.0,Professionnel,2026-05-25,0
00Q0001151,Partner Referral,Banking,VP,India,494,16614000.0,Personnel,2025-03-08,1
00Q0001152,Purchased List,Healthcare,VP,Morocco,56,2692000.0,Personnel,2026-06-13,0
00Q0001153,Web,Retail,VP,UK,258,15436000.0,Personnel,2026-07-03,0
00Q0001154,Web,Telecommunications,Team Lead,UK,99,7087000.0,Personnel,2025-07-15,0
00Q0001155,Web,Government,Senior Manager,USA,34,4703000.0,Personnel,2025-04-08,0
00Q0001156,Purchased List,Technology,Individual Contributor,UK,181,8611000.0,Personnel,2025-06-10,0
00Q0001157,Advertisement,Healthcare,Director,India,231,4718000.0,Professionnel,2026-01-31,0
00Q0001158,Webinar,Apparel,Manager,UK,70,4670000.0,Professionnel,2025-06-07,0
00Q0001159,Purchased List,Healthcare,Director,Belgium,138,6467000.0,Personnel,2026-01-04,0
00Q0001160,Trade Show,Insurance,Intern,Spain,264,23067000.0,Professionnel,2025-06-12,1
00Q0001161,Webinar,Media,C-Level,Germany,309,20081000.0,Professionnel,2025-03-14,1
00Q0001162,Trade Show,Education,Manager,Netherlands,727,45936000.0,Professionnel,2024-12-18,1
00Q0001163,Employee Referral,Not For Profit,Individual Contributor,Canada,38,2001000.0,Professionnel,2026-01-17,0
00Q0001164,Web,Retail,Senior Manager,UK,229,19472000.0,Professionnel,2026-08-09,1
00Q0001165,Web,Banking,Intern,Canada,50,1846000.0,Personnel,2025-11-20,0
00Q0001166,Email Campaign,Manufacturing,Director,USA,232,37735000.0,Personnel,2025-02-08,0
00Q0001167,Email Campaign,Finance,Team Lead,France,58,2861000.0,Professionnel,2025-07-31,0
00Q0001168,Phone Inquiry,Manufacturing,Individual Contributor,France,143,7457000.0,Professionnel,2025-04-04,0
00Q0001169,Web,Engineering,Individual Contributor,Germany,47,7939000.0,Personnel,2025-02-04,0
00Q0001170,Partner Referral,Healthcare,Manager,France,55,4583000.0,Professionnel,2025-08-10,0
00Q0001171,Web,Chemicals,Manager,France,6,670000.0,Personnel,2025-03-29,1
00Q0001172,Purchased List,Energy,Individual Contributor,USA,230,18667000.0,Personnel,2026-03-20,0
00Q0001173,Purchased List,Entertainment,Senior Manager,USA,163,9461000.0,Professionnel,2025-04-09,0
00Q0001174,Social Media,Construction,Manager,Spain,12,1254000.0,Professionnel,2025-10-20,0
00Q0001175,Purchased List,Manufacturing,Manager,India,5,559000.0,Personnel,2025-12-05,0
00Q0001176,Email Campaign,Communications,Individual Contributor,Morocco,21,1450000.0,Professionnel,2024-12-27,0
00Q0001177,Web,Environmental,Individual Contributor,Italy,262,7124000.0,Professionnel,2026-01-18,0
00Q0001178,Phone Inquiry,Healthcare,Manager,Germany,16,1304000.0,Professionnel,2026-06-07,0
00Q0001179,Web,Technology,Senior Manager,UK,16,2763000.0,Professionnel,2025-07-21,0
00Q0001180,Social Media,Retail,Director,Netherlands,27,1853000.0,Professionnel,2025-03-10,0
00Q0001181,Purchased List,Education,Manager,USA,214,14675000.0,Personnel,2026-06-17,0
00Q0001182,Purchased List,Food & Beverage,Individual Contributor,UK,42,3988000.0,Personnel,2024-11-05,0
00Q0001183,Web,Technology,Individual Contributor,Netherlands,156,3767000.0,Personnel,2025-10-19,0
00Q0001184,Public Relations,Apparel,Team Lead,USA,41,1824000.0,Professionnel,2026-03-15,0
00Q0001185,Partner Referral,Retail,Manager,Germany,167,11722000.0,Professionnel,2026-08-19,1
00Q0001186,Web,Machinery,Senior Manager,Morocco,631,48210000.0,Professionnel,2025-03-03,0
00Q0001187,Purchased List,Hospitality,Manager,USA,102,11322000.0,Professionnel,2024-11-26,0
00Q0001188,Web,Education,Individual Contributor,Netherlands,5,1643000.0,Professionnel,2026-05-21,0
00Q0001189,Web,Apparel,Individual Contributor,UK,77,4598000.0,Professionnel,2025-10-18,1
00Q0001190,Email Campaign,Banking,Manager,Germany,29,2221000.0,Professionnel,2026-08-10,1
00Q0001191,Social Media,Media,Senior Manager,France,92,4526000.0,Personnel,2024-09-26,0
00Q0001192,Web,Technology,Individual Contributor,USA,34,744000.0,Personnel,2025-10-24,0
00Q0001193,Advertisement,Technology,Director,France,14,2428000.0,Professionnel,2025-09-26,0
00Q0001194,Web,Retail,Director,USA,92,5506000.0,Professionnel,2025-08-06,0
00Q0001195,Web,Retail,Manager,USA,76,5416000.0,Professionnel,2024-10-28,1
00Q0001196,Partner Referral,Finance,Manager,USA,58,1522000.0,Personnel,2026-08-11,0
00Q0001197,Web,Healthcare,Individual Contributor,Canada,152,9335000.0,Personnel,2026-03-21,0
00Q0001198,Web,Engineering,Intern,France,26,1210000.0,Personnel,2025-01-20,0
00Q0001199,Phone Inquiry,Consulting,Director,USA,113,13489000.0,Personnel,2026-06-10,0
00Q0001200,Phone Inquiry,Technology,Team Lead,USA,114,4189000.0,Professionnel,2026-08-21,1
00Q0001201,Trade Show,Technology,Team Lead,India,10,571000.0,Professionnel,2026-03-31,1
00Q0001202,Partner Referral,Apparel,Director,Belgium,44,1385000.0,Personnel,2025-10-02,0
00Q0001203,Employee Referral,Machinery,Senior Manager,USA,3,528000.0,Personnel,2025-06-12,0
00Q0001204,Web,Electronics,Manager,USA,54,2067000.0,Professionnel,2026-06-01,1
00Q0001205,Employee Referral,Hospitality,VP,USA,185,16770000.0,Professionnel,2025-06-14,1
00Q0001206,Trade Show,Entertainment,Director,France,110,17457000.0,Professionnel,2026-04-19,1
00Q0001207,Purchased List,Finance,Manager,USA,71,6682000.0,Personnel,2025-12-09,0
00Q0001208,Purchased List,Education,Senior Manager,USA,13,258000.0,Personnel,2025-06-17,0
00Q0001209,Email Campaign,Engineering,Individual Contributor,Morocco,1779,63564000.0,Personnel,2025-06-24,0
00Q0001210,Web,Communications,Manager,Morocco,63,2767000.0,Personnel,2026-08-29,0
00Q0001211,Email Campaign,Technology,Team Lead,France,1446,28130000.0,Personnel,2026-05-13,0
00Q0001212,Advertisement,Banking,C-Level,France,342,43562000.0,Personnel,2024-09-23,0
00Q0001213,Webinar,Telecommunications,Manager,USA,91,1599000.0,Personnel,2025-08-09,1
00Q0001214,Web,Recreation,Intern,USA,77,2365000.0,Professionnel,2025-11-22,0
00Q0001215,Webinar,Communications,Team Lead,Germany,111,27837000.0,Professionnel,2026-02-14,0
00Q0001216,Web,Finance,VP,UK,79,2582000.0,Personnel,2024-11-10,1
00Q0001217,Advertisement,Technology,Individual Contributor,India,25,2433000.0,Professionnel,2024-11-10,0
00Q0001218,Purchased List,Agriculture,Manager,UAE,215,27576000.0,Professionnel,2025-01-16,0
00Q0001219,Cold Call,Shipping,Individual Contributor,France,91,2875000.0,Professionnel,2026-07-07,0
00Q0001220,Trade Show,Education,Manager,Morocco,256,28145000.0,Professionnel,2026-01-22,0
00Q0001221,Social Media,Manufacturing,VP,Germany,51,2904000.0,Professionnel,2026-03-17,1
00Q0001222,Advertisement,Biotechnology,Manager,UK,129,11971000.0,Personnel,2025-01-11,0
00Q0001223,Public Relations,Banking,Individual Contributor,Italy,563,40769000.0,Professionnel,2026-01-26,0
00Q0001224,Advertisement,Chemicals,Manager,USA,64,12101000.0,Professionnel,2025-12-01,0
00Q0001225,Advertisement,Environmental,Individual Contributor,Canada,58,8987000.0,Professionnel,2025-11-22,0
00Q0001226,Phone Inquiry,Insurance,Director,Morocco,133,5601000.0,Professionnel,2026-08-22,1
00Q0001227,Purchased List,Construction,Individual Contributor,USA,113,8141000.0,Professionnel,2026-09-17,0
00Q0001228,Employee Referral,Retail,Intern,UK,104,16612000.0,Professionnel,2025-12-27,1
00Q0001229,Phone Inquiry,Transportation,Individual Contributor,France,130,11788000.0,Professionnel,2026-01-22,0
00Q0001230,Web,Retail,Individual Contributor,France,22,1404000.0,Professionnel,2024-09-30,0
00Q0001231,Email Campaign,Shipping,VP,UK,24,1613000.0,Professionnel,2025-05-10,0
00Q0001232,Social Media,Consulting,Manager,USA,147,9254000.0,Professionnel,2026-09-15,0
00Q0001233,Purchased List,Media,Manager,UAE,670,127367000.0,Personnel,2025-03-07,0
00Q0001234,Partner Referral,Machinery,VP,France,164,10575000.0,Professionnel,2025-02-14,1
00Q0001235,Webinar,Agriculture,Director,India,9,1101000.0,Professionnel,2024-10-14,0
00Q0001236,Social Media,Finance,Senior Manager,Morocco,81,6572000.0,Professionnel,2025-02-26,0
00Q0001237,Advertisement,Biotechnology,Individual Contributor,France,38,936000.0,Professionnel,2025-01-17,0
00Q0001238,Webinar,Banking,C-Level,Italy,157,11542000.0,Professionnel,2025-10-18,1
00Q0001239,Webinar,Communications,Director,UK,213,32717000.0,Personnel,2025-11-06,0
00Q0001240,Webinar,Entertainment,Director,Morocco,72,6377000.0,Professionnel,2025-08-23,1
00Q0001241,Web,Retail,Director,Spain,34,3775000.0,Professionnel,2026-03-10,0
00Q0001242,Trade Show,Manufacturing,Director,USA,655,49551000.0,Professionnel,2025-10-29,1
00Q0001243,Cold Call,Technology,Individual Contributor,UK,750,122943000.0,Professionnel,2025-08-16,1
00Q0001244,Trade Show,Utilities,Manager,Italy,82,5294000.0,Professionnel,2025-02-03,1
00Q0001245,Web,Retail,Director,USA,580,25941000.0,Personnel,2026-07-02,0
00Q0001246,Web,Biotechnology,Intern,Germany,48,6069000.0,Personnel,2025-03-21,0
00Q0001247,Partner Referral,Hospitality,Intern,USA,55,4177000.0,Professionnel,2026-01-01,0
00Q0001248,Social Media,Engineering,VP,USA,71,2871000.0,Professionnel,2026-04-21,0
00Q0001249,Public Relations,Communications,Manager,UAE,32,5288000.0,Professionnel,2024-12-21,1
00Q0001250,Web,Entertainment,Manager,Morocco,12,1143000.0,Professionnel,2026-03-28,0
00Q0001251,Phone Inquiry,Transportation,Director,Morocco,359,25714000.0,Professionnel,2026-08-06,0
00Q0001252,Partner Referral,Finance,Senior Manager,USA,437,34412000.0,Professionnel,2026-01-26,1
00Q0001253,Partner Referral,Retail,Senior Manager,UAE,397,24031000.0,Professionnel,2025-07-09,0
00Q0001254,Advertisement,Consulting,Manager,Morocco,35,3204000.0,Professionnel,2025-09-12,0
00Q0001255,Web,Consulting,Manager,Canada,3843,324046000.0,Professionnel,2026-05-14,0
00Q0001256,Webinar,Environmental,Individual Contributor,Germany,1308,88448000.0,Professionnel,2025-04-09,0
00Q0001257,Social Media,Agriculture,Manager,India,1461,112288000.0,Professionnel,2026-06-18,1
00Q0001258,Web,Banking,Manager,USA,39,1174000.0,Professionnel,2025-06-14,1
00Q0001259,Trade Show,Finance,Director,USA,90,5587000.0,Professionnel,2025-02-03,1
00Q0001260,Email Campaign,Insurance,Team Lead,Canada,38,2373000.0,Professionnel,2026-08-02,0
00Q0001261,Phone Inquiry,Recreation,Director,UK,69,2248000.0,Professionnel,2026-06-14,0
00Q0001262,Phone Inquiry,Food & Beverage,Individual Contributor,UK,228,5706000.0,Professionnel,2025-05-11,0
00Q0001263,Purchased List,Hospitality,Individual Contributor,USA,434,31773000.0,Professionnel,2026-08-31,0
00Q0001264,Web,Government,Manager,India,43,3847000.0,Personnel,2025-10-13,0
00Q0001265,Partner Referral,Manufacturing,Individual Contributor,UAE,338,13639000.0,Personnel,2025-03-12,0
00Q0001266,Purchased List,Telecommunications,Senior Manager,USA,118,8521000.0,Professionnel,2026-03-02,0
00Q0001267,Trade Show,Machinery,Manager,UK,13,1449000.0,Professionnel,2025-02-23,0
00Q0001268,Purchased List,Manufacturing,Individual Contributor,Germany,180,12969000.0,Professionnel,2025-01-20,0
00Q0001269,Employee Referral,Healthcare,VP,Netherlands,225,35696000.0,Professionnel,2026-03-10,1
00Q0001270,Purchased List,Not For Profit,Team Lead,USA,242,21173000.0,Professionnel,2025-05-07,0
00Q0001271,Purchased List,Finance,Director,India,475,15962000.0,Professionnel,2026-04-29,1
00Q0001272,Email Campaign,Retail,Manager,Canada,128,13667000.0,Personnel,2025-12-19,0
00Q0001273,Web,Manufacturing,Individual Contributor,UAE,67,3999000.0,Professionnel,2026-07-29,0
00Q0001274,Cold Call,Insurance,Individual Contributor,Germany,577,24492000.0,Personnel,2025-05-24,0
00Q0001275,Advertisement,Transportation,Director,USA,13,4642000.0,Professionnel,2026-04-06,0
00Q0001276,Email Campaign,Media,Individual Contributor,USA,2,93000.0,Professionnel,2025-09-23,1
00Q0001277,Webinar,Finance,Individual Contributor,Italy,23,1743000.0,Professionnel,2026-08-04,1
00Q0001278,Phone Inquiry,Not For Profit,Intern,USA,109,5877000.0,Professionnel,2025-05-10,0
00Q0001279,Employee Referral,Biotechnology,Director,Netherlands,52,4518000.0,Professionnel,2025-05-26,1
00Q0001280,Cold Call,Food & Beverage,Manager,USA,120,6956000.0,Personnel,2026-06-19,0
00Q0001281,Advertisement,Technology,Individual Contributor,USA,154,6511000.0,Professionnel,2026-02-02,0
00Q0001282,Social Media,Retail,Manager,Morocco,247,5104000.0,Personnel,2025-10-07,0
00Q0001283,Partner Referral,Finance,Individual Contributor,Italy,74,10824000.0,Professionnel,2026-03-20,1
00Q0001284,Public Relations,Manufacturing,Manager,France,334,14694000.0,Professionnel,2025-12-08,1
00Q0001285,Public Relations,Media,Manager,Belgium,153,7586000.0,Professionnel,2025-11-05,1
00Q0001286,Advertisement,Education,Team Lead,UAE,18,1314000.0,Personnel,2026-03-29,0
00Q0001287,Web,Education,Individual Contributor,UAE,141,16024000.0,Personnel,2026-09-07,1
00Q0001288,Advertisement,Construction,Manager,Belgium,29,2289000.0,Personnel,2024-11-16,0
00Q0001289,Purchased List,Shipping,Team Lead,Germany,206,11470000.0,Professionnel,2025-01-16,0
00Q0001290,Phone Inquiry,Healthcare,Team Lead,USA,163,4252000.0,Personnel,2024-12-20,0
00Q0001291,Cold Call,Healthcare,Manager,UAE,53,1863000.0,Professionnel,2026-02-03,0
00Q0001292,Web,Manufacturing,VP,Morocco,24,943000.0,Professionnel,2026-04-20,1
00Q0001293,Email Campaign,Agriculture,Manager,Canada,100,4865000.0,Professionnel,2024-10-05,1
00Q0001294,Web,Manufacturing,Manager,Spain,273,8443000.0,Personnel,2026-01-30,1
00Q0001295,Web,Retail,Manager,USA,28,3470000.0,Professionnel,2025-08-13,1
00Q0001296,Web,Food & Beverage,Manager,Germany,153,14084000.0,Personnel,2026-07-08,1
00Q0001297,Phone Inquiry,Retail,Individual Contributor,USA,18,3122000.0,Professionnel,2026-01-01,0
00Q0001298,Partner Referral,Environmental,Manager,Italy,43,4750000.0,Personnel,2025-06-07,0
00Q0001299,Web,Apparel,Director,Canada,38,6602000.0,Professionnel,2025-08-09,0
00Q0001300,Email Campaign,Not For Profit,Director,UAE,25,1532000.0,Professionnel,2025-05-31,0
00Q0001301,Public Relations,Retail,Senior Manager,UAE,7,537000.0,Professionnel,2025-01-03,0
00Q0001302,Web,Retail,Manager,UK,156,19406000.0,Professionnel,2025-06-30,0
00Q0001303,Web,Biotechnology,VP,USA,645,9790000.0,Professionnel,2024-10-10,0
00Q0001304,Web,Communications,Manager,USA,56,4046000.0,Professionnel,2026-02-08,1
00Q0001305,Web,Telecommunications,Manager,UK,92,1440000.0,Professionnel,2026-09-16,0
00Q0001306,Phone Inquiry,Agriculture,Team Lead,Spain,239,17444000.0,Professionnel,2025-12-07,0
00Q0001307,Public Relations,Retail,Team Lead,India,1000,123628000.0,Personnel,2024-12-14,0
00Q0001308,Social Media,Retail,Individual Contributor,France,157,14267000.0,Professionnel,2025-09-15,0
00Q0001309,Partner Referral,Food & Beverage,Director,Netherlands,61,2663000.0,Personnel,2026-07-21,0
00Q0001310,Advertisement,Media,Intern,USA,3,73000.0,Professionnel,2026-07-07,0
00Q0001311,Web,Food & Beverage,Senior Manager,Netherlands,23,4119000.0,Personnel,2026-02-06,0
00Q0001312,Purchased List,Technology,VP,Morocco,66,5607000.0,Professionnel,2026-05-19,1
00Q0001313,Web,Insurance,Manager,France,505,16310000.0,Professionnel,2026-04-14,0
00Q0001314,Employee Referral,Finance,Senior Manager,Spain,12,345000.0,Professionnel,2025-07-03,1
00Q0001315,Web,Environmental,Director,France,29,1138000.0,Personnel,2025-08-19,0
00Q0001316,Advertisement,Technology,Manager,UK,30,1127000.0,Personnel,2025-12-19,0
00Q0001317,Web,Banking,Senior Manager,Italy,1061,78661000.0,Professionnel,2025-07-27,1
00Q0001318,Email Campaign,Transportation,Intern,France,182,8037000.0,Professionnel,2026-01-15,0
00Q0001319,Social Media,Banking,VP,Netherlands,161,6723000.0,Personnel,2026-08-13,0
00Q0001320,Webinar,Manufacturing,Team Lead,Canada,100,3773000.0,Professionnel,2025-05-27,0
00Q0001321,Employee Referral,Consulting,Individual Contributor,Morocco,489,23698000.0,Personnel,2025-06-27,0
00Q0001322,Phone Inquiry,Technology,Team Lead,USA,137,5407000.0,Professionnel,2025-10-01,0
00Q0001323,Partner Referral,Utilities,Manager,Morocco,661,58907000.0,Professionnel,2026-04-24,1
00Q0001324,Web,Retail,Individual Contributor,USA,31,1147000.0,Personnel,2025-12-19,0
00Q0001325,Trade Show,Finance,Individual Contributor,USA,24,2382000.0,Personnel,2025-06-11,0
00Q0001326,Purchased List,Recreation,Manager,France,114,4490000.0,Professionnel,2025-03-04,0
00Q0001327,Social Media,Media,Team Lead,USA,171,23017000.0,Professionnel,2025-12-18,1
00Q0001328,Employee Referral,Manufacturing,Team Lead,USA,131,17950000.0,Professionnel,2025-03-25,1
00Q0001329,Email Campaign,Media,VP,Spain,55,2923000.0,Professionnel,2025-12-06,0
00Q0001330,Email Campaign,Consulting,Team Lead,Spain,406,38088000.0,Professionnel,2026-08-23,0
00Q0001331,Advertisement,Retail,Individual Contributor,Spain,235,11590000.0,Professionnel,2025-02-07,0
00Q0001332,Public Relations,Insurance,Manager,UAE,122,4960000.0,Professionnel,2025-09-23,1
00Q0001333,Partner Referral,Machinery,Team Lead,USA,158,7011000.0,Professionnel,2024-12-26,1
00Q0001334,Email Campaign,Construction,Director,France,11,1086000.0,Personnel,2026-03-07,0
00Q0001335,Purchased List,Communications,Manager,USA,201,10128000.0,Professionnel,2026-06-20,0
00Q0001336,Social Media,Finance,VP,USA,15,1258000.0,Professionnel,2026-04-08,1
00Q0001337,Web,Entertainment,Team Lead,Netherlands,275,18872000.0,Personnel,2024-09-24,0
00Q0001338,Web,Communications,Intern,India,168,9734000.0,Personnel,2026-05-06,0
00Q0001339,Social Media,Biotechnology,Team Lead,Canada,9,399000.0,Professionnel,2024-10-31,0
00Q0001340,Cold Call,Healthcare,Manager,USA,239,31624000.0,Professionnel,2024-12-24,0
00Q0001341,Web,Media,Director,UK,3479,124707000.0,Professionnel,2026-01-19,1
00Q0001342,Advertisement,Finance,Individual Contributor,UK,13,290000.0,Professionnel,2025-11-28,0
00Q0001343,Web,Biotechnology,Individual Contributor,France,35,2718000.0,Professionnel,2025-12-17,0
00Q0001344,Web,Chemicals,Individual Contributor,USA,116,4624000.0,Professionnel,2026-03-12,0
00Q0001345,Trade Show,Hospitality,Manager,India,89,6480000.0,Professionnel,2026-02-23,1
00Q0001346,Web,Education,Individual Contributor,USA,110,5269000.0,Professionnel,2026-02-09,1
00Q0001347,Cold Call,Telecommunications,Manager,UK,71,7043000.0,Professionnel,2025-02-04,0
00Q0001348,Public Relations,Construction,Senior Manager,USA,55,2650000.0,Personnel,2024-10-29,0
00Q0001349,Trade Show,Consulting,Individual Contributor,UK,64,1710000.0,Professionnel,2025-12-02,0
00Q0001350,Webinar,Insurance,Senior Manager,Morocco,13,864000.0,Professionnel,2024-11-05,0
00Q0001351,Social Media,Technology,Manager,France,71,8570000.0,Personnel,2025-12-28,0
00Q0001352,Web,Environmental,Manager,France,84,5989000.0,Personnel,2025-06-23,0
00Q0001353,Web,Retail,Manager,USA,18,1040000.0,Professionnel,2026-05-28,0
00Q0001354,Trade Show,Manufacturing,Senior Manager,Canada,1872,148636000.0,Professionnel,2025-10-09,0
00Q0001355,Trade Show,Manufacturing,Individual Contributor,Germany,49,8002000.0,Personnel,2025-11-09,0
00Q0001356,Trade Show,Banking,Manager,USA,12,1195000.0,Professionnel,2026-01-29,0
00Q0001357,Public Relations,Finance,Manager,Italy,34,2467000.0,Professionnel,2025-05-17,0
00Q0001358,Webinar,Consulting,Senior Manager,Netherlands,694,39144000.0,Professionnel,2025-05-15,0
00Q0001359,Phone Inquiry,Technology,Senior Manager,Morocco,67,5728000.0,Personnel,2026-08-10,0
00Q0001360,Web,Food & Beverage,Director,Belgium,159,14021000.0,Personnel,2025-09-18,0
00Q0001361,Cold Call,Biotechnology,Manager,Italy,192,8838000.0,Personnel,2025-05-23,0
00Q0001362,Advertisement,Manufacturing,Director,USA,7259,295879000.0,Professionnel,2025-12-26,1
00Q0001363,Web,Education,Team Lead,USA,28,885000.0,Professionnel,2025-11-22,0
00Q0001364,Webinar,Telecommunications,C-Level,UK,69,4193000.0,Personnel,2025-08-08,1
00Q0001365,Web,Chemicals,VP,Canada,154,16795000.0,Professionnel,2026-07-28,0
00Q0001366,Email Campaign,Retail,Individual Contributor,Germany,5,166000.0,Personnel,2025-09-07,0
00Q0001367,Purchased List,Retail,Individual Contributor,USA,718,127018000.0,Professionnel,2026-05-04,1
00Q0001368,Phone Inquiry,Banking,Manager,USA,37,1334000.0,Professionnel,2026-08-26,0
00Q0001369,Phone Inquiry,Hospitality,Director,Germany,21,620000.0,Professionnel,2025-10-30,0
00Q0001370,Web,Telecommunications,Manager,India,106,6242000.0,Professionnel,2026-05-06,0
00Q0001371,Advertisement,Government,Senior Manager,France,79,3982000.0,Professionnel,2025-05-18,0
00Q0001372,Social Media,Education,Individual Contributor,UK,446,12954000.0,Professionnel,2025-03-17,0
00Q0001373,Phone Inquiry,Banking,Manager,Spain,31,2887000.0,Professionnel,2025-03-20,0
00Q0001374,Web,Technology,Intern,USA,82,3952000.0,Professionnel,2026-03-11,0
00Q0001375,Email Campaign,Communications,VP,Netherlands,30,624000.0,Professionnel,2024-11-01,0
00Q0001376,Trade Show,Not For Profit,Director,France,80,5600000.0,Professionnel,2024-12-22,1
00Q0001377,Trade Show,Finance,C-Level,Netherlands,38,2246000.0,Professionnel,2026-02-04,1
00Q0001378,Employee Referral,Apparel,Individual Contributor,Spain,31,3333000.0,Professionnel,2024-11-25,1
00Q0001379,Social Media,Insurance,Manager,UAE,405,13064000.0,Professionnel,2025-04-21,1
00Q0001380,Advertisement,Technology,Individual Contributor,France,60,1605000.0,Personnel,2025-04-16,0
00Q0001381,Webinar,Education,Senior Manager,Morocco,156,7501000.0,Professionnel,2025-01-13,0
00Q0001382,Email Campaign,Manufacturing,VP,Italy,55,8775000.0,Professionnel,2026-06-27,1
00Q0001383,Partner Referral,Media,Manager,USA,53,4520000.0,Professionnel,2025-10-27,1
00Q0001384,Advertisement,Apparel,VP,Morocco,665,47729000.0,Professionnel,2025-11-18,1
00Q0001385,Purchased List,Engineering,VP,Germany,186,6611000.0,Professionnel,2024-11-16,0
00Q0001386,Purchased List,Entertainment,Manager,UK,38,2597000.0,Professionnel,2025-09-01,1
00Q0001387,Cold Call,Hospitality,Individual Contributor,Canada,174,6970000.0,Professionnel,2025-11-05,1
00Q0001388,Purchased List,Engineering,Manager,Spain,50,3109000.0,Professionnel,2025-03-29,0
00Q0001389,Web,Retail,Individual Contributor,Italy,180,9984000.0,Professionnel,2026-03-17,0
00Q0001390,Phone Inquiry,Consulting,Manager,Belgium,140,5270000.0,Professionnel,2026-05-25,1
00Q0001391,Advertisement,Technology,Director,Canada,76,5690000.0,Professionnel,2025-02-05,1
00Q0001392,Webinar,Not For Profit,VP,France,101,11799000.0,Professionnel,2024-10-13,1
00Q0001393,Phone Inquiry,Environmental,Individual Contributor,UK,101,3277000.0,Professionnel,2026-03-18,1
00Q0001394,Web,Consulting,Manager,Morocco,31,2637000.0,Professionnel,2024-12-30,0
00Q0001395,Trade Show,Manufacturing,Individual Contributor,India,237,23869000.0,Personnel,2025-04-22,0
00Q0001396,Cold Call,Recreation,Individual Contributor,Spain,62,1945000.0,Professionnel,2024-12-10,0
00Q0001397,Email Campaign,Transportation,Director,Canada,2528,58563000.0,Personnel,2026-02-24,0
00Q0001398,Purchased List,Healthcare,Individual Contributor,Spain,174,22268000.0,Professionnel,2026-07-15,0
00Q0001399,Email Campaign,Telecommunications,Director,Germany,88,19677000.0,Professionnel,2024-12-06,1
00Q0001400,Email Campaign,Not For Profit,Senior Manager,Germany,442,24898000.0,Professionnel,2025-06-03,0
00Q0001401,Public Relations,Manufacturing,Team Lead,Italy,174,10317000.0,Professionnel,2026-04-16,0
00Q0001402,Phone Inquiry,Energy,Manager,UAE,409,10141000.0,Professionnel,2025-06-16,0
00Q0001403,Trade Show,Construction,Manager,Germany,251,6052000.0,Professionnel,2026-05-01,1
00Q0001404,Trade Show,Consulting,Manager,UK,141,17395000.0,Personnel,2025-02-07,0
00Q0001405,Email Campaign,Finance,Manager,UK,38,3018000.0,Professionnel,2026-07-02,0
00Q0001406,Employee Referral,Construction,Individual Contributor,USA,69,8532000.0,Professionnel,2026-02-18,0
00Q0001407,Social Media,Healthcare,Director,Netherlands,41,3522000.0,Professionnel,2025-08-10,0
00Q0001408,Email Campaign,Technology,Manager,France,37,2065000.0,Professionnel,2025-01-09,1
00Q0001409,Partner Referral,Healthcare,Individual Contributor,UK,22,1444000.0,Personnel,2026-08-06,0
00Q0001410,Web,Apparel,Individual Contributor,UAE,184,12103000.0,Personnel,2026-09-03,0
00Q0001411,Partner Referral,Finance,Individual Contributor,India,695,32601000.0,Personnel,2025-01-15,0
00Q0001412,Social Media,Agriculture,Manager,Germany,26,2288000.0,Personnel,2024-11-06,0
00Q0001413,Purchased List,Environmental,Director,USA,80,5578000.0,Professionnel,2026-02-21,0
00Q0001414,Trade Show,Shipping,Individual Contributor,Morocco,11,265000.0,Personnel,2025-07-12,0
00Q0001415,Web,Shipping,Individual Contributor,USA,181,32107000.0,Professionnel,2025-05-16,0
00Q0001416,Partner Referral,Healthcare,Individual Contributor,Morocco,143,12862000.0,Professionnel,2025-08-15,1
00Q0001417,Public Relations,Finance,Director,Netherlands,100,5915000.0,Professionnel,2025-10-11,0
00Q0001418,Cold Call,Insurance,Manager,France,45,1859000.0,Professionnel,2024-12-08,0
00Q0001419,Partner Referral,Government,Senior Manager,Canada,138,6292000.0,Professionnel,2024-11-02,1
00Q0001420,Partner Referral,Construction,Senior Manager,Morocco,48,2405000.0,Personnel,2026-07-31,0
00Q0001421,Web,Food & Beverage,Manager,France,5,57000.0,Personnel,2025-11-19,0
00Q0001422,Web,Finance,Manager,USA,441,17085000.0,Personnel,2026-02-21,0
00Q0001423,Web,Chemicals,Manager,UK,101,6213000.0,Personnel,2025-02-24,1
00Q0001424,Advertisement,Education,Individual Contributor,USA,327,15997000.0,Professionnel,2025-06-19,0
00Q0001425,Social Media,Insurance,Team Lead,Morocco,109,4077000.0,Professionnel,2025-12-06,0
00Q0001426,Trade Show,Banking,Manager,Italy,111,5191000.0,Professionnel,2025-01-24,1
00Q0001427,Social Media,Government,Senior Manager,USA,144,6968000.0,Professionnel,2026-01-21,1
00Q0001428,Phone Inquiry,Utilities,Individual Contributor,France,168,7432000.0,Personnel,2025-08-14,0
00Q0001429,Partner Referral,Not For Profit,Senior Manager,UK,298,15430000.0,Personnel,2025-05-03,0
00Q0001430,Advertisement,Media,Team Lead,USA,2771,143423000.0,Personnel,2025-01-02,0
00Q0001431,Purchased List,Recreation,Senior Manager,France,505,64848000.0,Personnel,2025-01-31,0
00Q0001432,Purchased List,Hospitality,Individual Contributor,USA,44,1734000.0,Professionnel,2025-03-26,0
00Q0001433,Advertisement,Entertainment,Individual Contributor,Germany,86,10363000.0,Professionnel,2024-12-24,0
00Q0001434,Email Campaign,Construction,Director,Italy,343,23295000.0,Professionnel,2025-07-09,1
00Q0001435,Partner Referral,Retail,Manager,Spain,93,9084000.0,Personnel,2024-11-02,1
00Q0001436,Social Media,Communications,Senior Manager,Germany,199,6701000.0,Personnel,2026-05-12,0
00Q0001437,Partner Referral,Transportation,Director,USA,134,10134000.0,Professionnel,2026-05-02,1
00Q0001438,Web,Government,Manager,Germany,709,42183000.0,Professionnel,2025-06-24,0
00Q0001439,Web,Energy,Senior Manager,Canada,220,17537000.0,Personnel,2025-07-04,1
00Q0001440,Partner Referral,Environmental,Director,France,49,2155000.0,Professionnel,2025-09-17,1
00Q0001441,Purchased List,Education,Individual Contributor,Morocco,17,605000.0,Professionnel,2026-04-08,1
00Q0001442,Social Media,Government,VP,UAE,333,20651000.0,Professionnel,2026-07-09,0
00Q0001443,Employee Referral,Banking,Intern,India,2,32000.0,Professionnel,2025-11-15,0
00Q0001444,Social Media,Banking,Senior Manager,France,207,10742000.0,Personnel,2025-04-14,1
00Q0001445,Purchased List,Banking,Individual Contributor,UAE,53,1374000.0,Personnel,2025-07-16,0
00Q0001446,Purchased List,Food & Beverage,Individual Contributor,Spain,225,13807000.0,Professionnel,2024-12-28,0
00Q0001447,Purchased List,Environmental,C-Level,India,270,25824000.0,Personnel,2026-05-14,0
00Q0001448,Email Campaign,Construction,Individual Contributor,UAE,1283,257827000.0,Professionnel,2025-11-09,0
00Q0001449,Webinar,Consulting,Individual Contributor,USA,152,9529000.0,Professionnel,2025-12-01,0
00Q0001450,Webinar,Communications,Individual Contributor,USA,167,6905000.0,Professionnel,2025-12-21,1
00Q0001451,Web,Government,Team Lead,Netherlands,167,5974000.0,Professionnel,2026-08-28,0
00Q0001452,Web,Energy,Team Lead,France,106,3467000.0,Personnel,2024-11-28,1
00Q0001453,Phone Inquiry,Finance,VP,UK,104,5346000.0,Personnel,2025-07-28,0
00Q0001454,Purchased List,Energy,VP,France,29,2101000.0,Professionnel,2026-05-30,0
00Q0001455,Web,Healthcare,Individual Contributor,Morocco,108,7639000.0,Personnel,2026-08-13,0
00Q0001456,Web,Consulting,Manager,USA,153,7183000.0,Professionnel,2026-08-17,1
00Q0001457,Advertisement,Retail,VP,USA,12,819000.0,Personnel,2026-08-13,0
00Q0001458,Web,Technology,Individual Contributor,France,160,9292000.0,Professionnel,2026-04-25,0
00Q0001459,Employee Referral,Communications,Director,USA,31,1807000.0,Professionnel,2026-01-10,1
00Q0001460,Phone Inquiry,Construction,Individual Contributor,USA,24,717000.0,Professionnel,2026-03-16,0
00Q0001461,Advertisement,Education,Team Lead,France,117,6784000.0,Professionnel,2026-02-16,0
00Q0001462,Web,Communications,Director,India,22,1951000.0,Professionnel,2025-02-24,0
00Q0001463,Purchased List,Education,Individual Contributor,France,11,1075000.0,Professionnel,2025-07-04,0
00Q0001464,Advertisement,Retail,Manager,India,103,5938000.0,Personnel,2025-04-09,0
00Q0001465,Cold Call,Retail,VP,France,81,7657000.0,Personnel,2026-06-19,0
00Q0001466,Email Campaign,Food & Beverage,Individual Contributor,USA,20,545000.0,Personnel,2025-03-25,0
00Q0001467,Purchased List,Apparel,Manager,USA,33,1081000.0,Professionnel,2025-12-15,0
00Q0001468,Web,Retail,Team Lead,UK,98,5403000.0,Personnel,2026-03-29,1
00Q0001469,Purchased List,Construction,Manager,USA,39,2397000.0,Professionnel,2025-08-01,0
00Q0001470,Web,Apparel,Individual Contributor,Morocco,359,12225000.0,Professionnel,2026-09-15,0
00Q0001471,Webinar,Energy,Manager,UK,18,1291000.0,Personnel,2025-06-04,0
00Q0001472,Web,Construction,Individual Contributor,Germany,548,31914000.0,Professionnel,2026-07-28,0
00Q0001473,Advertisement,Biotechnology,Senior Manager,France,32,4845000.0,Professionnel,2026-06-15,1
00Q0001474,Employee Referral,Education,Manager,Germany,35,1701000.0,Professionnel,2025-07-22,0
00Q0001475,Web,Environmental,Team Lead,Italy,38,1841000.0,Professionnel,2025-03-03,0
00Q0001476,Purchased List,Shipping,Senior Manager,USA,99,6491000.0,Personnel,2025-04-10,1
00Q0001477,Phone Inquiry,Recreation,Team Lead,USA,4,237000.0,Personnel,2025-05-27,0
00Q0001478,Email Campaign,Biotechnology,Senior Manager,UK,328,15272000.0,Professionnel,2025-02-21,0
00Q0001479,Employee Referral,Technology,Director,France,2770,158713000.0,Professionnel,2025-07-08,1
00Q0001480,Partner Referral,Transportation,Intern,France,122,11219000.0,Professionnel,2025-12-27,0
00Q0001481,Cold Call,Healthcare,Individual Contributor,France,7,418000.0,Professionnel,2026-02-20,0
00Q0001482,Email Campaign,Manufacturing,Intern,UK,29,483000.0,Personnel,2024-11-02,0
00Q0001483,Cold Call,Energy,Manager,India,29,1538000.0,Professionnel,2026-07-01,0
00Q0001484,Advertisement,Construction,Team Lead,France,36,1148000.0,Professionnel,2026-06-27,1
00Q0001485,Partner Referral,Banking,Director,USA,94,5492000.0,Professionnel,2026-01-20,1
00Q0001486,Trade Show,Hospitality,Director,France,681,23725000.0,Professionnel,2026-01-02,1
00Q0001487,Public Relations,Insurance,Director,UK,765,53815000.0,Professionnel,2024-10-31,1
00Q0001488,Trade Show,Healthcare,Individual Contributor,UK,82,6158000.0,Professionnel,2024-10-24,0
00Q0001489,Partner Referral,Technology,Director,USA,125,3280000.0,Professionnel,2026-08-30,1
00Q0001490,Phone Inquiry,Technology,Team Lead,USA,275,4717000.0,Professionnel,2026-03-11,0
00Q0001491,Employee Referral,Agriculture,Director,USA,232,3842000.0,Professionnel,2025-04-18,0
00Q0001492,Web,Chemicals,VP,USA,18,2639000.0,Personnel,2026-07-29,0
00Q0001493,Trade Show,Technology,Team Lead,Belgium,8,477000.0,Personnel,2024-11-19,0
00Q0001494,Public Relations,Banking,Manager,France,248,32328000.0,Personnel,2026-07-27,0
00Q0001495,Public Relations,Technology,Individual Contributor,UK,122,14938000.0,Professionnel,2026-04-01,0
00Q0001496,Web,Education,Manager,UK,434,22645000.0,Personnel,2025-05-26,0
00Q0001497,Cold Call,Banking,Manager,USA,212,5956000.0,Personnel,2024-12-08,0
00Q0001498,Web,Healthcare,C-Level,Canada,56,3055000.0,Personnel,2026-09-10,0
00Q0001499,Social Media,Communications,Director,Italy,33,3162000.0,Personnel,2026-02-11,0
00Q0001500,Purchased List,Manufacturing,Manager,Canada,236,19975000.0,Professionnel,2024-11-04,1
00Q0001501,Email Campaign,Finance,Senior Manager,India,21,986000.0,Professionnel,2025-05-14,0
00Q0001502,Webinar,Retail,Manager,USA,373,36068000.0,Personnel,2024-09-28,1
00Q0001503,Partner Referral,Finance,Director,Morocco,54,2158000.0,Professionnel,2026-09-02,1
00Q0001504,Employee Referral,Chemicals,Director,Belgium,82,9922000.0,Professionnel,2025-11-24,1
00Q0001505,Social Media,Retail,Manager,UK,41,1198000.0,Personnel,2025-07-10,0
00Q0001506,Web,Manufacturing,Director,Netherlands,59,2285000.0,Professionnel,2025-04-17,0
00Q0001507,Webinar,Engineering,Senior Manager,France,80,4157000.0,Personnel,2025-06-29,0
00Q0001508,Partner Referral,Chemicals,Individual Contributor,UK,83,4760000.0,Professionnel,2026-05-15,1
00Q0001509,Webinar,Environmental,Senior Manager,USA,169,9920000.0,Professionnel,2026-09-01,1
00Q0001510,Partner Referral,Food & Beverage,Manager,UK,1245,99286000.0,Professionnel,2026-03-25,1
00Q0001511,Purchased List,Machinery,Team Lead,USA,94,2525000.0,Professionnel,2026-09-07,0
00Q0001512,Purchased List,Not For Profit,Senior Manager,USA,1383,147308000.0,Professionnel,2025-08-03,0
00Q0001513,Trade Show,Finance,VP,France,84,9478000.0,Personnel,2025-08-11,0
00Q0001514,Trade Show,Hospitality,Intern,France,703,133329000.0,Professionnel,2026-02-25,0
00Q0001515,Purchased List,Manufacturing,Senior Manager,Morocco,150,7393000.0,Professionnel,2025-05-31,0
00Q0001516,Webinar,Retail,Team Lead,USA,428,16448000.0,Professionnel,2025-08-01,0
00Q0001517,Purchased List,Retail,Manager,Morocco,86,2274000.0,Professionnel,2025-05-04,0
00Q0001518,Employee Referral,Biotechnology,VP,USA,27,1700000.0,Professionnel,2025-03-01,1
00Q0001519,Cold Call,Machinery,Director,Morocco,26,4678000.0,Professionnel,2026-06-12,0
00Q0001520,Social Media,Technology,Individual Contributor,Morocco,17,737000.0,Professionnel,2026-02-08,0
00Q0001521,Phone Inquiry,Healthcare,Manager,Netherlands,360,14727000.0,Personnel,2026-03-14,0
00Q0001522,Web,Finance,Manager,Spain,66,6601000.0,Professionnel,2025-02-26,1
00Q0001523,Phone Inquiry,Consulting,Director,Spain,821,27031000.0,Professionnel,2025-01-06,1
00Q0001524,Web,Communications,Manager,Morocco,234,21331000.0,Professionnel,2024-11-19,1
00Q0001525,Purchased List,Energy,Team Lead,Morocco,63,4079000.0,Personnel,2025-01-23,0
00Q0001526,Social Media,Technology,VP,USA,40,2029000.0,Professionnel,2025-07-22,0
00Q0001527,Web,Retail,Intern,France,599,20080000.0,Professionnel,2026-01-30,0
00Q0001528,Web,Environmental,Director,France,347,14323000.0,Professionnel,2026-07-19,0
00Q0001529,Webinar,Energy,Individual Contributor,France,32,1935000.0,Professionnel,2024-10-06,0
00Q0001530,Web,Biotechnology,Team Lead,India,49,8448000.0,Professionnel,2025-03-16,0
00Q0001531,Webinar,Manufacturing,Individual Contributor,Germany,44,1150000.0,Professionnel,2025-10-11,0
00Q0001532,Phone Inquiry,Technology,C-Level,USA,28,921000.0,Professionnel,2025-09-02,1
00Q0001533,Employee Referral,Technology,Director,UK,27,3001000.0,Professionnel,2026-03-16,1
00Q0001534,Social Media,Energy,Manager,Morocco,1,99000.0,Professionnel,2024-11-03,1
00Q0001535,Web,Hospitality,Manager,France,122,11027000.0,Professionnel,2025-01-18,0
00Q0001536,Partner Referral,Healthcare,Senior Manager,Canada,47,3525000.0,Personnel,2025-10-13,1
00Q0001537,Trade Show,Retail,Team Lead,France,96,12753000.0,Professionnel,2025-05-28,1
00Q0001538,Partner Referral,Shipping,Individual Contributor,Germany,740,9918000.0,Professionnel,2024-10-26,1
00Q0001539,Cold Call,Environmental,Individual Contributor,Germany,108,5332000.0,Personnel,2026-02-26,0
00Q0001540,Cold Call,Banking,Individual Contributor,France,75,2355000.0,Professionnel,2025-11-25,0
00Q0001541,Public Relations,Consulting,Manager,USA,133,37969000.0,Professionnel,2025-06-27,0
00Q0001542,Social Media,Energy,Senior Manager,Morocco,32,4007000.0,Professionnel,2026-02-08,0
00Q0001543,Purchased List,Biotechnology,Director,Spain,6,570000.0,Professionnel,2025-11-14,0
00Q0001544,Web,Technology,C-Level,Canada,128,5345000.0,Professionnel,2025-02-07,0
00Q0001545,Web,Engineering,Team Lead,USA,15,299000.0,Professionnel,2026-03-12,0
00Q0001546,Web,Engineering,VP,India,27,1369000.0,Professionnel,2026-05-03,0
00Q0001547,Employee Referral,Manufacturing,Individual Contributor,Spain,74,4682000.0,Personnel,2025-10-24,0
00Q0001548,Web,Healthcare,Manager,USA,349,11341000.0,Personnel,2026-09-07,0
00Q0001549,Phone Inquiry,Technology,Manager,USA,32,631000.0,Personnel,2025-12-26,0
00Q0001550,Purchased List,Consulting,Team Lead,Morocco,22,2348000.0,Personnel,2026-02-28,0
00Q0001551,Trade Show,Technology,Senior Manager,Morocco,238,36624000.0,Professionnel,2026-03-17,1
00Q0001552,Trade Show,Biotechnology,Director,Canada,50,3058000.0,Personnel,2025-04-29,0
00Q0001553,Partner Referral,Food & Beverage,Individual Contributor,UK,76,1617000.0,Professionnel,2025-12-16,1
00Q0001554,Employee Referral,Biotechnology,Senior Manager,UK,25,1259000.0,Personnel,2026-04-30,0
00Q0001555,Phone Inquiry,Food & Beverage,Manager,Netherlands,135,11358000.0,Professionnel,2025-12-06,1
00Q0001556,Webinar,Healthcare,Manager,India,298,7210000.0,Professionnel,2025-07-24,0
00Q0001557,Social Media,Banking,Manager,UK,62,4018000.0,Personnel,2025-09-23,0
00Q0001558,Employee Referral,Healthcare,Team Lead,UK,64,5112000.0,Personnel,2026-07-11,0
00Q0001559,Partner Referral,Not For Profit,Team Lead,Netherlands,75,4908000.0,Personnel,2025-11-06,0
00Q0001560,Phone Inquiry,Banking,Senior Manager,Morocco,48,1330000.0,Professionnel,2026-08-11,0
00Q0001561,Purchased List,Retail,Team Lead,Morocco,236,6187000.0,Personnel,2026-05-17,0
00Q0001562,Purchased List,Media,Manager,USA,79,3702000.0,Professionnel,2025-04-11,0
00Q0001563,Advertisement,Not For Profit,Individual Contributor,UK,13,464000.0,Professionnel,2026-03-28,0
00Q0001564,Advertisement,Technology,Team Lead,UK,37,2850000.0,Professionnel,2026-05-20,0
00Q0001565,Webinar,Manufacturing,Director,India,40,1082000.0,Professionnel,2026-07-17,0
00Q0001566,Social Media,Technology,Intern,Italy,450,79936000.0,Professionnel,2025-04-14,0
00Q0001567,Web,Hospitality,Individual Contributor,UK,68,6686000.0,Personnel,2025-05-31,0
00Q0001568,Trade Show,Government,Team Lead,India,50,2608000.0,Professionnel,2024-10-05,0
00Q0001569,Purchased List,Agriculture,Manager,USA,113,2498000.0,Professionnel,2025-07-16,0
00Q0001570,Email Campaign,Hospitality,Senior Manager,Italy,100,12779000.0,Professionnel,2025-02-20,0
00Q0001571,Employee Referral,Manufacturing,Team Lead,Canada,1020,28666000.0,Personnel,2026-09-12,0
00Q0001572,Web,Media,Senior Manager,Spain,33,2766000.0,Personnel,2026-07-26,0
00Q0001573,Cold Call,Education,Senior Manager,Morocco,131,10794000.0,Professionnel,2025-01-12,1
00Q0001574,Advertisement,Food & Beverage,Individual Contributor,Netherlands,75,4835000.0,Professionnel,2026-03-23,0
00Q0001575,Advertisement,Technology,Manager,USA,93,3803000.0,Professionnel,2025-05-27,0
00Q0001576,Employee Referral,Retail,Manager,UK,392,44668000.0,Professionnel,2025-05-22,1
00Q0001577,Advertisement,Healthcare,Manager,Italy,43,1655000.0,Professionnel,2026-03-13,0
00Q0001578,Social Media,Finance,Manager,Germany,189,18416000.0,Professionnel,2024-11-13,1
00Q0001579,Phone Inquiry,Manufacturing,Individual Contributor,USA,105,4738000.0,Personnel,2026-07-19,0
00Q0001580,Webinar,Banking,Individual Contributor,Canada,43,3157000.0,Professionnel,2024-10-02,0
00Q0001581,Web,Manufacturing,Team Lead,Morocco,34,7475000.0,Personnel,2025-03-07,0
00Q0001582,Phone Inquiry,Technology,Manager,UK,95,8244000.0,Personnel,2026-05-10,0
00Q0001583,Email Campaign,Retail,VP,France,112,8139000.0,Professionnel,2024-11-04,0
00Q0001584,Employee Referral,Communications,Individual Contributor,Germany,66,3103000.0,Professionnel,2025-07-18,1
00Q0001585,Email Campaign,Construction,Intern,UK,163,26658000.0,Personnel,2025-01-23,0
00Q0001586,Purchased List,Energy,Manager,Spain,746,83552000.0,Professionnel,2024-09-20,1
00Q0001587,Web,Finance,Manager,USA,19,1884000.0,Professionnel,2026-01-08,0
00Q0001588,Advertisement,Shipping,Director,Germany,71,7554000.0,Professionnel,2024-11-12,0
00Q0001589,Web,Insurance,Manager,France,440,45461000.0,Professionnel,2026-05-19,0
00Q0001590,Web,Food & Beverage,Individual Contributor,USA,382,20700000.0,Personnel,2025-11-17,0
00Q0001591,Email Campaign,Agriculture,Manager,India,127,4646000.0,Professionnel,2025-02-11,0
00Q0001592,Email Campaign,Communications,VP,India,845,58296000.0,Personnel,2025-03-08,0
00Q0001593,Web,Hospitality,Individual Contributor,Germany,74,1860000.0,Professionnel,2025-05-14,0
00Q0001594,Purchased List,Energy,Individual Contributor,USA,87,3330000.0,Professionnel,2026-03-03,0
00Q0001595,Cold Call,Retail,Senior Manager,Germany,20,849000.0,Personnel,2026-03-18,0
00Q0001596,Web,Transportation,Individual Contributor,Netherlands,113,3705000.0,Professionnel,2026-08-07,0
00Q0001597,Employee Referral,Retail,Director,India,271,16113000.0,Personnel,2025-03-19,0
00Q0001598,Web,Consulting,VP,UAE,1458,83469000.0,Personnel,2025-01-03,0
00Q0001599,Phone Inquiry,Manufacturing,Intern,USA,85,16734000.0,Professionnel,2026-06-29,0
00Q0001600,Email Campaign,Consulting,Senior Manager,Italy,110,16508000.0,Personnel,2025-10-24,0
00Q0001601,Web,Banking,Individual Contributor,USA,21,2925000.0,Professionnel,2025-11-30,0
00Q0001602,Web,Finance,Manager,Spain,392,45135000.0,Professionnel,2025-03-14,1
00Q0001603,Cold Call,Hospitality,Team Lead,UK,129,8328000.0,Personnel,2024-12-13,0
00Q0001604,Advertisement,Not For Profit,Director,USA,67,5018000.0,Personnel,2025-12-02,0
00Q0001605,Webinar,Engineering,Manager,UK,422,52174000.0,Professionnel,2026-07-25,0
00Q0001606,Social Media,Technology,Director,Netherlands,160,11150000.0,Personnel,2025-12-03,1
00Q0001607,Phone Inquiry,Media,Director,Canada,54,2716000.0,Professionnel,2025-08-05,1
00Q0001608,Partner Referral,Transportation,Intern,USA,142,5089000.0,Professionnel,2025-12-06,0
00Q0001609,Phone Inquiry,Environmental,Manager,Morocco,14,1823000.0,Personnel,2025-02-04,0
00Q0001610,Partner Referral,Communications,Director,Morocco,248,7085000.0,Professionnel,2026-09-15,1
00Q0001611,Web,Shipping,VP,France,83,4644000.0,Professionnel,2025-08-03,0
00Q0001612,Web,Energy,Senior Manager,USA,2,103000.0,Professionnel,2024-11-30,0
00Q0001613,Web,Banking,Director,USA,144,17133000.0,Professionnel,2026-05-02,0
00Q0001614,Advertisement,Finance,Manager,USA,339,27917000.0,Personnel,2025-02-06,0
00Q0001615,Phone Inquiry,Banking,Team Lead,India,445,50477000.0,Professionnel,2025-10-23,1
00Q0001616,Purchased List,Retail,C-Level,UK,30,2555000.0,Personnel,2026-01-30,0
00Q0001617,Trade Show,Government,Director,UK,58,5437000.0,Professionnel,2026-03-30,0
00Q0001618,Purchased List,Technology,C-Level,Morocco,44,1600000.0,Personnel,2025-11-04,0
00Q0001619,Advertisement,Technology,Director,Canada,70,3373000.0,Professionnel,2026-02-26,0
00Q0001620,Web,Retail,Senior Manager,USA,36,1764000.0,Professionnel,2025-02-09,0
00Q0001621,Email Campaign,Recreation,Manager,France,14,719000.0,Personnel,2024-10-06,0
00Q0001622,Social Media,Education,Director,France,166,13437000.0,Professionnel,2025-11-14,1
00Q0001623,Cold Call,Manufacturing,Manager,Spain,32,916000.0,Professionnel,2025-03-06,0
00Q0001624,Purchased List,Banking,Director,Italy,25,903000.0,Professionnel,2025-09-14,0
00Q0001625,Web,Biotechnology,Director,France,187,18164000.0,Professionnel,2026-08-08,1
00Q0001626,Web,Retail,Manager,France,27,3477000.0,Personnel,2024-11-18,0
00Q0001627,Web,Government,C-Level,Morocco,946,30699000.0,Professionnel,2025-02-05,1
00Q0001628,Advertisement,Construction,Manager,Belgium,182,8368000.0,Personnel,2025-04-29,0
00Q0001629,Web,Shipping,Senior Manager,Germany,58,10839000.0,Professionnel,2025-08-15,0
00Q0001630,Phone Inquiry,Retail,Individual Contributor,Morocco,10,865000.0,Professionnel,2026-01-09,0
00Q0001631,Cold Call,Manufacturing,Senior Manager,UK,87,3773000.0,Personnel,2026-08-14,0
00Q0001632,Trade Show,Retail,Manager,France,76,3774000.0,Personnel,2025-10-09,0
00Q0001633,Web,Media,Manager,Spain,402,19312000.0,Personnel,2025-12-15,0
00Q0001634,Social Media,Technology,VP,Canada,23,580000.0,Professionnel,2025-07-04,0
00Q0001635,Trade Show,Media,Director,UK,384,31933000.0,Professionnel,2025-10-30,1
00Q0001636,Phone Inquiry,Agriculture,Individual Contributor,France,209,26081000.0,Personnel,2024-09-22,1
00Q0001637,Partner Referral,Retail,Team Lead,India,17,1236000.0,Professionnel,2025-06-28,1
00Q0001638,Social Media,Technology,Individual Contributor,USA,66,1809000.0,Personnel,2025-03-20,0
00Q0001639,Web,Manufacturing,Manager,UK,56,2245000.0,Professionnel,2024-12-04,0
00Q0001640,Purchased List,Healthcare,Manager,Netherlands,171,5109000.0,Professionnel,2024-11-22,0
00Q0001641,Trade Show,Communications,Intern,Morocco,162,12388000.0,Professionnel,2025-02-06,0
00Q0001642,Web,Government,Director,USA,45,2489000.0,Personnel,2025-08-17,0
00Q0001643,Web,Education,Senior Manager,France,68,7966000.0,Professionnel,2026-05-05,0
00Q0001644,Partner Referral,Hospitality,Senior Manager,UK,121,4301000.0,Professionnel,2025-08-05,1
00Q0001645,Social Media,Entertainment,Senior Manager,USA,77,1752000.0,Professionnel,2025-07-20,1
00Q0001646,Phone Inquiry,Food & Beverage,Manager,UK,63,2309000.0,Professionnel,2025-11-12,0
00Q0001647,Email Campaign,Healthcare,Individual Contributor,USA,21,390000.0,Professionnel,2026-08-02,0
00Q0001648,Web,Construction,Individual Contributor,Spain,126,12667000.0,Personnel,2026-02-01,1
00Q0001649,Social Media,Retail,Senior Manager,India,475,53686000.0,Professionnel,2025-02-05,1
00Q0001650,Purchased List,Manufacturing,Individual Contributor,Spain,22,1671000.0,Professionnel,2026-08-05,0
00Q0001651,Social Media,Hospitality,VP,Canada,18,1360000.0,Personnel,2025-01-27,0
00Q0001652,Social Media,Communications,Senior Manager,UK,13,396000.0,Personnel,2026-08-03,0
00Q0001653,Web,Hospitality,Team Lead,UK,608,29585000.0,Professionnel,2026-01-28,0
00Q0001654,Cold Call,Government,Team Lead,USA,71,2836000.0,Professionnel,2025-12-18,0
00Q0001655,Web,Education,Director,Spain,273,16913000.0,Professionnel,2025-12-08,1
00Q0001656,Purchased List,Consulting,Individual Contributor,USA,283,12106000.0,Professionnel,2025-06-04,0
00Q0001657,Web,Technology,Individual Contributor,UAE,65,5105000.0,Professionnel,2024-10-20,0
00Q0001658,Trade Show,Technology,Manager,USA,12,1533000.0,Professionnel,2025-03-05,1
00Q0001659,Phone Inquiry,Government,Manager,USA,80,4820000.0,Personnel,2026-03-26,0
00Q0001660,Email Campaign,Healthcare,Manager,Morocco,251,27191000.0,Professionnel,2024-10-30,0
00Q0001661,Purchased List,Government,Individual Contributor,Spain,70,2617000.0,Professionnel,2025-03-09,0
00Q0001662,Employee Referral,Agriculture,Individual Contributor,Germany,8,301000.0,Professionnel,2025-11-12,1
00Q0001663,Advertisement,Manufacturing,Director,Germany,30,1481000.0,Personnel,2026-08-31,0
00Q0001664,Web,Shipping,Team Lead,UK,449,32967000.0,Professionnel,2025-03-07,0
00Q0001665,Purchased List,Retail,Manager,USA,41,5985000.0,Personnel,2026-07-31,0
00Q0001666,Email Campaign,Education,Senior Manager,UAE,47,1921000.0,Personnel,2024-11-08,0
00Q0001667,Cold Call,Finance,Senior Manager,Morocco,69,4212000.0,Professionnel,2026-01-30,0
00Q0001668,Partner Referral,Technology,Individual Contributor,France,54,12538000.0,Professionnel,2025-10-15,1
00Q0001669,Public Relations,Healthcare,VP,Morocco,15,2138000.0,Professionnel,2025-12-11,1
00Q0001670,Webinar,Utilities,Intern,Italy,48,2823000.0,Personnel,2026-06-05,0
00Q0001671,Web,Technology,Team Lead,Belgium,74,18387000.0,Personnel,2025-01-09,0
00Q0001672,Phone Inquiry,Education,Senior Manager,Morocco,79,7898000.0,Personnel,2024-12-14,0
00Q0001673,Social Media,Technology,Director,USA,192,31912000.0,Professionnel,2025-11-16,1
00Q0001674,Employee Referral,Not For Profit,Director,UAE,25,5321000.0,Professionnel,2025-04-25,1
00Q0001675,Social Media,Healthcare,Senior Manager,Canada,152,12996000.0,Professionnel,2025-02-16,0
00Q0001676,Purchased List,Construction,Individual Contributor,USA,37,1656000.0,Professionnel,2025-12-31,0
00Q0001677,Trade Show,Telecommunications,Team Lead,UAE,55,2423000.0,Professionnel,2024-12-09,0
00Q0001678,Web,Media,Manager,UK,137,7496000.0,Personnel,2026-04-01,0
00Q0001679,Phone Inquiry,Biotechnology,Team Lead,Italy,48,2679000.0,Professionnel,2025-01-21,0
00Q0001680,Cold Call,Food & Beverage,C-Level,USA,164,10345000.0,Professionnel,2026-01-13,0
00Q0001681,Trade Show,Finance,Manager,UK,332,25367000.0,Personnel,2026-05-21,0
00Q0001682,Webinar,Recreation,Senior Manager,Italy,56,3120000.0,Professionnel,2025-11-01,0
00Q0001683,Public Relations,Communications,Manager,UAE,6,395000.0,Personnel,2026-02-16,0
00Q0001684,Advertisement,Banking,Manager,France,117,6676000.0,Professionnel,2026-04-17,1
00Q0001685,Social Media,Retail,Manager,UK,43,765000.0,Professionnel,2025-08-28,0
00Q0001686,Email Campaign,Energy,Senior Manager,Spain,21,1975000.0,Personnel,2025-08-23,0
00Q0001687,Partner Referral,Communications,Team Lead,France,260,5344000.0,Professionnel,2025-03-06,1
00Q0001688,Purchased List,Telecommunications,Manager,France,168,5759000.0,Professionnel,2026-03-17,1
00Q0001689,Partner Referral,Electronics,Director,USA,333,43592000.0,Professionnel,2025-05-12,1
00Q0001690,Web,Government,Senior Manager,Germany,286,17873000.0,Professionnel,2026-07-14,0
00Q0001691,Web,Transportation,Manager,India,63,1418000.0,Professionnel,2026-07-27,1
00Q0001692,Web,Chemicals,Manager,UK,44,1538000.0,Professionnel,2024-12-10,0
00Q0001693,Employee Referral,Telecommunications,Individual Contributor,USA,57,3117000.0,Personnel,2026-07-25,0
00Q0001694,Web,Technology,Director,USA,111,5560000.0,Personnel,2026-03-01,1
00Q0001695,Web,Education,VP,France,9,144000.0,Professionnel,2026-04-13,1
00Q0001696,Web,Retail,Director,USA,307,7157000.0,Professionnel,2025-04-04,0
00Q0001697,Cold Call,Hospitality,Individual Contributor,Netherlands,7,198000.0,Personnel,2026-06-12,0
00Q0001698,Web,Finance,Manager,India,22,650000.0,Professionnel,2024-11-29,0
00Q0001699,Web,Manufacturing,Individual Contributor,France,3,158000.0,Professionnel,2025-11-10,0
00Q0001700,Webinar,Transportation,Manager,France,198,13788000.0,Professionnel,2026-03-23,0
00Q0001701,Partner Referral,Energy,Individual Contributor,France,733,20041000.0,Professionnel,2024-12-16,0
00Q0001702,Cold Call,Manufacturing,Director,Germany,28,1796000.0,Professionnel,2025-08-14,1
00Q0001703,Social Media,Food & Beverage,Individual Contributor,UAE,16,757000.0,Professionnel,2025-11-26,0
00Q0001704,Email Campaign,Retail,Team Lead,Spain,391,16012000.0,Personnel,2024-10-01,0
00Q0001705,Purchased List,Media,Individual Contributor,India,87,3803000.0,Professionnel,2024-11-30,0
00Q0001706,Phone Inquiry,Construction,Manager,USA,103,3791000.0,Professionnel,2025-07-05,0
00Q0001707,Web,Technology,Individual Contributor,Canada,117,19218000.0,Professionnel,2024-11-13,0
00Q0001708,Purchased List,Manufacturing,Manager,USA,93,5348000.0,Professionnel,2026-02-16,0
00Q0001709,Email Campaign,Manufacturing,Senior Manager,USA,103,5916000.0,Personnel,2025-02-25,0
00Q0001710,Employee Referral,Healthcare,Senior Manager,USA,27,3308000.0,Professionnel,2025-06-22,1
00Q0001711,Web,Retail,Individual Contributor,Netherlands,266,22033000.0,Personnel,2025-01-13,0
00Q0001712,Web,Education,Individual Contributor,Canada,52,3168000.0,Personnel,2026-05-28,0
00Q0001713,Cold Call,Retail,Senior Manager,Spain,222,9164000.0,Professionnel,2026-06-02,1
00Q0001714,Web,Finance,Intern,USA,41,2701000.0,Professionnel,2026-06-26,0
00Q0001715,Phone Inquiry,Transportation,Intern,Belgium,7,115000.0,Professionnel,2024-10-10,0
00Q0001716,Cold Call,Construction,Team Lead,Canada,45,1535000.0,Professionnel,2026-09-07,0
00Q0001717,Cold Call,Hospitality,VP,Germany,133,6881000.0,Professionnel,2025-03-09,1
00Q0001718,Partner Referral,Banking,Director,USA,53,4952000.0,Professionnel,2025-10-15,1
00Q0001719,Web,Not For Profit,VP,UK,3,362000.0,Professionnel,2025-05-13,1
00Q0001720,Cold Call,Healthcare,Manager,Belgium,5,339000.0,Personnel,2026-09-01,0
00Q0001721,Email Campaign,Technology,Individual Contributor,USA,146,7803000.0,Professionnel,2025-05-09,1
00Q0001722,Phone Inquiry,Food & Beverage,VP,UAE,308,7655000.0,Professionnel,2026-07-06,1
00Q0001723,Web,Banking,Individual Contributor,USA,114,5037000.0,Professionnel,2026-07-30,1
00Q0001724,Social Media,Healthcare,Intern,USA,131,10301000.0,Professionnel,2026-01-01,0
00Q0001725,Purchased List,Recreation,Manager,Germany,15,1112000.0,Professionnel,2025-04-02,0
00Q0001726,Employee Referral,Food & Beverage,Senior Manager,USA,177,4664000.0,Personnel,2026-02-16,0
00Q0001727,Phone Inquiry,Entertainment,Manager,Canada,76,1531000.0,Professionnel,2026-08-22,1
00Q0001728,Purchased List,Apparel,Manager,USA,910,12903000.0,Professionnel,2025-08-26,0
00Q0001729,Purchased List,Telecommunications,C-Level,Morocco,293,23980000.0,Personnel,2026-06-07,1
00Q0001730,Purchased List,Finance,Manager,France,157,28792000.0,Professionnel,2026-04-24,0
00Q0001731,Web,Transportation,Manager,Morocco,98,7684000.0,Professionnel,2025-12-12,0
00Q0001732,Email Campaign,Retail,Team Lead,Germany,16,724000.0,Personnel,2025-06-21,0
00Q0001733,Trade Show,Consulting,Director,USA,24,2895000.0,Professionnel,2026-08-07,1
00Q0001734,Webinar,Insurance,Individual Contributor,India,27,1257000.0,Professionnel,2026-05-11,0
00Q0001735,Purchased List,Biotechnology,Manager,USA,61,4906000.0,Professionnel,2024-11-30,1
00Q0001736,Web,Electronics,Team Lead,UAE,142,7788000.0,Professionnel,2026-04-21,0
00Q0001737,Cold Call,Recreation,Individual Contributor,Germany,299,20073000.0,Professionnel,2025-10-22,0
00Q0001738,Trade Show,Education,Team Lead,Canada,334,11675000.0,Personnel,2025-07-15,0
00Q0001739,Employee Referral,Machinery,VP,France,99,4300000.0,Professionnel,2025-12-12,1
00Q0001740,Web,Manufacturing,Team Lead,UK,28,2010000.0,Professionnel,2025-03-01,0
00Q0001741,Social Media,Finance,Individual Contributor,Italy,12,622000.0,Professionnel,2025-04-25,0
00Q0001742,Web,Technology,VP,Canada,150,5484000.0,Professionnel,2025-04-11,1
00Q0001743,Social Media,Construction,C-Level,USA,463,11650000.0,Professionnel,2025-12-03,1
00Q0001744,Advertisement,Healthcare,Director,USA,41,1037000.0,Professionnel,2025-10-06,0
00Q0001745,Trade Show,Technology,Director,UK,24,3380000.0,Professionnel,2024-10-11,0
00Q0001746,Partner Referral,Banking,Director,Morocco,333,11952000.0,Professionnel,2026-05-18,0
00Q0001747,Purchased List,Utilities,Senior Manager,USA,24,3341000.0,Professionnel,2025-11-12,1
00Q0001748,Trade Show,Consulting,Manager,Germany,10,351000.0,Professionnel,2025-08-31,1
00Q0001749,Public Relations,Technology,Team Lead,France,118,12420000.0,Personnel,2025-12-04,0
00Q0001750,Cold Call,Media,Manager,UAE,244,21783000.0,Personnel,2026-06-25,0
00Q0001751,Trade Show,Utilities,Senior Manager,Canada,15,1679000.0,Personnel,2026-05-19,0
00Q0001752,Email Campaign,Education,Director,Italy,72,3353000.0,Personnel,2024-11-23,0
00Q0001753,Web,Banking,Team Lead,Morocco,37,1997000.0,Personnel,2026-07-18,0
00Q0001754,Partner Referral,Retail,Director,UK,184,5628000.0,Professionnel,2026-02-20,1
00Q0001755,Web,Engineering,Manager,USA,94,5754000.0,Personnel,2026-06-24,1
00Q0001756,Web,Banking,Team Lead,USA,329,6845000.0,Professionnel,2024-10-04,0
00Q0001757,Public Relations,Retail,Team Lead,USA,90,6154000.0,Professionnel,2025-03-18,0
00Q0001758,Web,Technology,Individual Contributor,Canada,57,6201000.0,Professionnel,2025-03-30,1
00Q0001759,Social Media,Manufacturing,Individual Contributor,UK,187,6230000.0,Personnel,2026-02-04,0
00Q0001760,Email Campaign,Manufacturing,Manager,Morocco,48,2684000.0,Personnel,2025-10-31,0
00Q0001761,Web,Education,Director,USA,31,2873000.0,Professionnel,2026-05-17,0
00Q0001762,Web,Government,Individual Contributor,Spain,13,531000.0,Professionnel,2026-05-28,0
00Q0001763,Social Media,Entertainment,VP,Germany,541,42945000.0,Professionnel,2024-10-16,0
00Q0001764,Email Campaign,Consulting,Intern,Canada,987,98131000.0,Personnel,2025-11-22,0
00Q0001765,Employee Referral,Entertainment,Senior Manager,Canada,43,2531000.0,Personnel,2026-04-30,0
00Q0001766,Social Media,Utilities,Individual Contributor,Spain,13,805000.0,Professionnel,2024-10-21,0
00Q0001767,Web,Energy,Team Lead,Netherlands,165,9381000.0,Professionnel,2025-08-09,0
00Q0001768,Web,Electronics,Individual Contributor,Belgium,298,28545000.0,Professionnel,2025-12-17,1
00Q0001769,Employee Referral,Transportation,Team Lead,Canada,993,69713000.0,Personnel,2025-01-06,1
00Q0001770,Phone Inquiry,Transportation,VP,Belgium,796,52927000.0,Personnel,2025-07-15,0
00Q0001771,Email Campaign,Healthcare,Director,France,11,2759000.0,Professionnel,2026-05-30,0
00Q0001772,Phone Inquiry,Energy,VP,USA,179,18931000.0,Personnel,2026-08-12,1
00Q0001773,Web,Insurance,Director,France,91,3509000.0,Professionnel,2024-11-16,1
00Q0001774,Email Campaign,Manufacturing,Manager,UK,91,6203000.0,Personnel,2025-04-07,1
00Q0001775,Phone Inquiry,Not For Profit,Manager,USA,21,2987000.0,Professionnel,2024-09-27,0
00Q0001776,Purchased List,Construction,Team Lead,USA,96,2123000.0,Personnel,2025-08-19,0
00Q0001777,Purchased List,Construction,Manager,Morocco,19,1208000.0,Professionnel,2024-11-27,0
00Q0001778,Web,Retail,Manager,USA,56,2348000.0,Personnel,2025-04-14,0
00Q0001779,Purchased List,Construction,Director,Italy,103,2406000.0,Personnel,2025-07-06,0
00Q0001780,Trade Show,Electronics,Director,France,59,5314000.0,Personnel,2025-07-04,0
00Q0001781,Web,Telecommunications,Individual Contributor,India,38,3148000.0,Professionnel,2026-01-16,1
00Q0001782,Email Campaign,Food & Beverage,Manager,UAE,11,1410000.0,Personnel,2026-03-31,0
00Q0001783,Email Campaign,Retail,VP,USA,90,1312000.0,Professionnel,2025-06-21,0
00Q0001784,Partner Referral,Media,Individual Contributor,Canada,28,1273000.0,Personnel,2026-07-26,0
00Q0001785,Partner Referral,Manufacturing,Individual Contributor,Morocco,232,13324000.0,Personnel,2025-06-30,1
00Q0001786,Web,Energy,Senior Manager,USA,193,11935000.0,Professionnel,2025-12-19,1
00Q0001787,Web,Engineering,Manager,Spain,306,9711000.0,Professionnel,2024-10-06,0
00Q0001788,Partner Referral,Food & Beverage,Manager,USA,119,6917000.0,Professionnel,2026-05-24,1
00Q0001789,Web,Manufacturing,Manager,Canada,16,1427000.0,Professionnel,2025-04-19,0
00Q0001790,Purchased List,Finance,Manager,USA,445,45754000.0,Professionnel,2025-04-16,0
00Q0001791,Social Media,Technology,Director,India,212,28669000.0,Professionnel,2026-01-15,0
00Q0001792,Partner Referral,Telecommunications,Senior Manager,Belgium,945,48718000.0,Personnel,2026-04-25,1
00Q0001793,Advertisement,Technology,Team Lead,Morocco,837,101509000.0,Professionnel,2025-08-13,1
00Q0001794,Phone Inquiry,Technology,Team Lead,Canada,204,23652000.0,Professionnel,2024-11-19,1
00Q0001795,Web,Technology,Team Lead,Germany,140,12836000.0,Personnel,2026-09-04,0
00Q0001796,Social Media,Telecommunications,VP,UK,118,7918000.0,Personnel,2025-11-04,0
00Q0001797,Web,Hospitality,VP,France,42,6702000.0,Professionnel,2024-10-18,1
00Q0001798,Web,Food & Beverage,VP,India,72,2735000.0,Professionnel,2024-11-28,1
00Q0001799,Trade Show,Healthcare,Director,UK,186,14031000.0,Professionnel,2025-06-16,0
00Q0001800,Advertisement,Hospitality,Director,Italy,170,9170000.0,Personnel,2025-09-18,0
00Q0001801,Employee Referral,Banking,Manager,UAE,88,17465000.0,Professionnel,2026-02-08,1
00Q0001802,Web,Education,Manager,UK,32,2501000.0,Professionnel,2025-01-19,0
00Q0001803,Web,Recreation,Manager,UAE,13,385000.0,Personnel,2026-03-28,0
00Q0001804,Web,Healthcare,Team Lead,UK,141,9421000.0,Professionnel,2025-03-18,0
00Q0001805,Web,Technology,VP,Canada,88,5607000.0,Professionnel,2025-03-22,0
00Q0001806,Email Campaign,Retail,Intern,Netherlands,20,810000.0,Professionnel,2026-07-08,0
00Q0001807,Webinar,Technology,Manager,France,97,5969000.0,Personnel,2025-09-13,0
00Q0001808,Purchased List,Technology,Director,USA,172,7405000.0,Professionnel,2024-12-02,1
00Q0001809,Web,Banking,Manager,India,165,11443000.0,Professionnel,2024-12-16,1
00Q0001810,Advertisement,Technology,Director,USA,146,16094000.0,Professionnel,2026-05-19,1
00Q0001811,Purchased List,Food & Beverage,Team Lead,India,161,2711000.0,Professionnel,2026-01-16,0
00Q0001812,Employee Referral,Media,Manager,UAE,3,495000.0,Personnel,2025-11-09,0
00Q0001813,Email Campaign,Finance,Senior Manager,USA,263,15603000.0,Professionnel,2026-01-01,0
00Q0001814,Web,Hospitality,Senior Manager,USA,63,4661000.0,Professionnel,2025-04-09,0
00Q0001815,Social Media,Finance,Intern,Netherlands,410,26720000.0,Professionnel,2025-07-18,0
00Q0001816,Phone Inquiry,Retail,Individual Contributor,Morocco,176,8102000.0,Personnel,2025-01-02,0
00Q0001817,Trade Show,Telecommunications,Manager,USA,144,3175000.0,Professionnel,2026-08-16,0
00Q0001818,Email Campaign,Engineering,Manager,France,119,2961000.0,Professionnel,2025-05-04,0
00Q0001819,Web,Retail,Team Lead,USA,155,3983000.0,Professionnel,2025-09-20,0
00Q0001820,Trade Show,Food & Beverage,Team Lead,Canada,110,1627000.0,Professionnel,2025-05-30,0
00Q0001821,Employee Referral,Finance,Manager,France,272,10755000.0,Professionnel,2026-03-31,0
00Q0001822,Purchased List,Insurance,Manager,UK,306,6864000.0,Professionnel,2026-07-27,0
00Q0001823,Web,Finance,VP,UK,7,389000.0,Professionnel,2024-12-16,0
00Q0001824,Web,Food & Beverage,Director,USA,7,228000.0,Personnel,2024-10-02,0
00Q0001825,Public Relations,Hospitality,Team Lead,Spain,73,2344000.0,Professionnel,2025-07-11,0
00Q0001826,Email Campaign,Education,Director,Germany,21,1635000.0,Professionnel,2024-12-20,0
00Q0001827,Partner Referral,Technology,Senior Manager,Germany,938,127603000.0,Professionnel,2026-07-19,1
00Q0001828,Purchased List,Engineering,VP,France,71,4568000.0,Personnel,2025-11-06,0
00Q0001829,Phone Inquiry,Consulting,Individual Contributor,Morocco,39,3011000.0,Professionnel,2026-01-08,0
00Q0001830,Advertisement,Finance,VP,Netherlands,115,9461000.0,Professionnel,2025-11-29,1
00Q0001831,Purchased List,Retail,Team Lead,France,125,28156000.0,Personnel,2025-01-26,0
00Q0001832,Social Media,Recreation,Director,USA,142,11883000.0,Professionnel,2025-10-05,0
00Q0001833,Employee Referral,Machinery,Individual Contributor,Morocco,90,6228000.0,Professionnel,2026-01-08,1
00Q0001834,Purchased List,Technology,Team Lead,France,68,6310000.0,Professionnel,2024-10-19,0
00Q0001835,Web,Food & Beverage,Manager,Italy,63,2604000.0,Professionnel,2026-03-20,0
00Q0001836,Partner Referral,Manufacturing,Individual Contributor,USA,87,3860000.0,Professionnel,2025-01-17,1
00Q0001837,Partner Referral,Technology,Team Lead,USA,1744,49774000.0,Professionnel,2025-09-26,0
00Q0001838,Purchased List,Technology,Individual Contributor,France,99,3327000.0,Professionnel,2026-05-05,0
00Q0001839,Web,Telecommunications,Director,Spain,101,7350000.0,Personnel,2026-03-24,0
00Q0001840,Phone Inquiry,Biotechnology,Team Lead,USA,201,22699000.0,Professionnel,2026-09-08,1
00Q0001841,Purchased List,Finance,VP,France,68,7638000.0,Professionnel,2025-05-08,1
00Q0001842,Purchased List,Banking,Senior Manager,Italy,147,3652000.0,Professionnel,2026-05-24,0
00Q0001843,Email Campaign,Construction,VP,France,55,3009000.0,Professionnel,2026-05-28,0
00Q0001844,Trade Show,Consulting,Manager,USA,64,4603000.0,Professionnel,2026-05-23,1
00Q0001845,Partner Referral,Retail,Team Lead,Spain,281,15200000.0,Professionnel,2025-01-27,1
00Q0001846,Web,Telecommunications,Individual Contributor,UK,347,42743000.0,Professionnel,2025-06-05,1
00Q0001847,Webinar,Environmental,Director,Morocco,6,253000.0,Professionnel,2025-11-17,1
00Q0001848,Partner Referral,Finance,Manager,India,73,2507000.0,Professionnel,2026-03-11,0
00Q0001849,Email Campaign,Finance,Manager,Spain,40,2625000.0,Professionnel,2025-05-11,0
00Q0001850,Public Relations,Government,VP,France,9,520000.0,Professionnel,2025-08-02,1
00Q0001851,Email Campaign,Technology,Team Lead,Canada,167,7415000.0,Professionnel,2026-08-04,0
00Q0001852,Web,Technology,Director,Canada,16,609000.0,Professionnel,2025-04-04,0
00Q0001853,Advertisement,Engineering,Manager,France,400,35180000.0,Personnel,2025-04-02,0
00Q0001854,Partner Referral,Hospitality,Manager,UK,120,1520000.0,Personnel,2025-07-17,0
00Q0001855,Partner Referral,Entertainment,VP,Morocco,66,6077000.0,Personnel,2024-09-24,1
00Q0001856,Web,Construction,Manager,USA,22,1235000.0,Personnel,2025-07-20,1
00Q0001857,Web,Telecommunications,Individual Contributor,Canada,234,49148000.0,Professionnel,2025-01-26,1
00Q0001858,Web,Finance,Intern,USA,89,5287000.0,Personnel,2026-03-26,0
00Q0001859,Partner Referral,Construction,VP,UK,55,2171000.0,Personnel,2026-08-02,1
00Q0001860,Purchased List,Communications,Individual Contributor,Canada,57,3498000.0,Professionnel,2024-10-06,0
00Q0001861,Public Relations,Finance,Manager,Belgium,127,5694000.0,Professionnel,2025-01-11,0
00Q0001862,Phone Inquiry,Banking,Individual Contributor,Canada,156,3990000.0,Professionnel,2025-01-13,1
00Q0001863,Trade Show,Insurance,Team Lead,Spain,29,1933000.0,Personnel,2025-05-24,0
00Q0001864,Purchased List,Energy,Individual Contributor,USA,162,12591000.0,Personnel,2025-03-15,0
00Q0001865,Purchased List,Insurance,VP,USA,208,45564000.0,Professionnel,2026-06-14,0
00Q0001866,Advertisement,Not For Profit,Intern,Canada,33,1800000.0,Professionnel,2025-05-15,0
00Q0001867,Employee Referral,Recreation,Director,USA,17,1153000.0,Personnel,2026-07-17,1
00Q0001868,Social Media,Banking,Team Lead,Canada,119,5454000.0,Professionnel,2025-02-28,0
00Q0001869,Public Relations,Education,VP,France,134,1877000.0,Professionnel,2024-11-02,0
00Q0001870,Email Campaign,Consulting,Senior Manager,Netherlands,44,1760000.0,Professionnel,2026-07-13,0
00Q0001871,Advertisement,Electronics,VP,Germany,268,16874000.0,Professionnel,2026-07-02,1
00Q0001872,Cold Call,Banking,Manager,Morocco,51,5743000.0,Professionnel,2024-12-07,0
00Q0001873,Phone Inquiry,Engineering,Team Lead,UK,37,1805000.0,Professionnel,2025-02-12,0
00Q0001874,Phone Inquiry,Energy,Director,USA,115,8096000.0,Personnel,2026-05-11,0
00Q0001875,Email Campaign,Banking,Manager,USA,47,7406000.0,Professionnel,2026-01-25,0
00Q0001876,Social Media,Retail,Director,UK,100,9211000.0,Professionnel,2025-09-12,1
00Q0001877,Advertisement,Utilities,Individual Contributor,India,41,5525000.0,Professionnel,2025-02-22,0
00Q0001878,Social Media,Consulting,Senior Manager,France,33,1754000.0,Professionnel,2026-06-11,1
00Q0001879,Cold Call,Hospitality,Manager,Morocco,118,19784000.0,Professionnel,2025-12-10,0
00Q0001880,Employee Referral,Retail,Team Lead,Netherlands,550,41687000.0,Professionnel,2026-09-01,1
00Q0001881,Cold Call,Finance,Manager,Italy,110,4243000.0,Professionnel,2026-08-22,0
00Q0001882,Public Relations,Technology,Senior Manager,UK,516,22357000.0,Professionnel,2025-07-02,0
00Q0001883,Trade Show,Energy,Manager,UK,41,3111000.0,Personnel,2025-09-06,1
00Q0001884,Purchased List,Healthcare,Director,Canada,398,17273000.0,Personnel,2026-01-26,0
00Q0001885,Web,Apparel,Individual Contributor,France,68,6760000.0,Personnel,2025-06-18,0
00Q0001886,Webinar,Entertainment,Senior Manager,India,153,4945000.0,Professionnel,2026-03-25,0
00Q0001887,Advertisement,Finance,Manager,USA,95,1998000.0,Personnel,2026-07-26,0
00Q0001888,Advertisement,Technology,Senior Manager,UAE,223,14485000.0,Professionnel,2024-12-31,0
00Q0001889,Employee Referral,Education,VP,USA,212,14074000.0,Professionnel,2026-02-08,1
00Q0001890,Employee Referral,Hospitality,Director,USA,16,460000.0,Professionnel,2025-01-13,1
00Q0001891,Email Campaign,Healthcare,Individual Contributor,UK,36,2802000.0,Personnel,2026-05-13,0
00Q0001892,Partner Referral,Technology,Manager,UAE,25,911000.0,Professionnel,2025-03-15,1
00Q0001893,Advertisement,Utilities,Individual Contributor,Canada,31,2910000.0,Professionnel,2025-11-28,0
00Q0001894,Cold Call,Food & Beverage,Manager,UK,60,12033000.0,Personnel,2026-08-20,0
00Q0001895,Web,Healthcare,Manager,USA,82,1683000.0,Professionnel,2025-11-16,0
00Q0001896,Webinar,Chemicals,Manager,France,8,1102000.0,Professionnel,2025-12-07,0
00Q0001897,Email Campaign,Entertainment,Director,Morocco,44,3471000.0,Professionnel,2026-03-17,0
00Q0001898,Webinar,Technology,Team Lead,Italy,2870,324987000.0,Professionnel,2025-02-10,0
00Q0001899,Social Media,Agriculture,VP,USA,74,7195000.0,Professionnel,2025-08-05,0
00Q0001900,Partner Referral,Healthcare,Manager,UAE,91,2553000.0,Professionnel,2026-07-01,0
00Q0001901,Purchased List,Retail,Manager,Spain,568,25787000.0,Personnel,2025-08-21,0
00Q0001902,Web,Transportation,Team Lead,Canada,57,4026000.0,Professionnel,2024-12-23,0
00Q0001903,Phone Inquiry,Telecommunications,Director,USA,82,8378000.0,Personnel,2024-10-21,0
00Q0001904,Partner Referral,Entertainment,Director,Germany,59,1766000.0,Professionnel,2025-05-09,1
00Q0001905,Partner Referral,Banking,Director,India,55,2449000.0,Professionnel,2026-03-09,1
00Q0001906,Email Campaign,Government,Individual Contributor,Morocco,26,3922000.0,Personnel,2025-03-16,0
00Q0001907,Email Campaign,Communications,Individual Contributor,UK,51,1393000.0,Professionnel,2025-12-18,1
00Q0001908,Web,Telecommunications,Senior Manager,Belgium,16,1018000.0,Professionnel,2024-10-07,0
00Q0001909,Employee Referral,Manufacturing,Team Lead,USA,182,22760000.0,Personnel,2026-05-27,1
00Q0001910,Email Campaign,Food & Beverage,Team Lead,India,609,16094000.0,Professionnel,2025-03-06,0
00Q0001911,Webinar,Banking,Individual Contributor,USA,63,1328000.0,Professionnel,2025-05-31,0
00Q0001912,Public Relations,Technology,Director,France,93,10054000.0,Personnel,2025-11-19,0
00Q0001913,Trade Show,Environmental,Manager,Germany,397,22238000.0,Personnel,2026-07-31,0
00Q0001914,Partner Referral,Environmental,Director,UK,216,7115000.0,Professionnel,2025-11-09,1
00Q0001915,Partner Referral,Technology,Manager,Spain,52,5497000.0,Professionnel,2025-07-18,1
00Q0001916,Trade Show,Technology,Individual Contributor,Belgium,73,6047000.0,Professionnel,2024-10-11,0
00Q0001917,Social Media,Shipping,Director,USA,32,2725000.0,Professionnel,2025-07-17,0
00Q0001918,Web,Finance,Senior Manager,Germany,37,4934000.0,Professionnel,2026-04-21,1
00Q0001919,Partner Referral,Retail,Director,Germany,57,5384000.0,Personnel,2024-12-08,1
00Q0001920,Purchased List,Retail,Individual Contributor,UK,41,1923000.0,Professionnel,2024-12-26,0
00Q0001921,Email Campaign,Chemicals,C-Level,India,51,3859000.0,Personnel,2025-04-11,0
00Q0001922,Phone Inquiry,Education,Senior Manager,France,474,30295000.0,Personnel,2026-03-15,0
00Q0001923,Advertisement,Communications,Manager,France,268,8983000.0,Professionnel,2026-06-24,0
00Q0001924,Purchased List,Retail,Manager,UK,152,4591000.0,Professionnel,2025-09-20,0
00Q0001925,Cold Call,Education,Director,India,56,3961000.0,Professionnel,2024-11-12,0
00Q0001926,Webinar,Machinery,VP,Germany,29,4017000.0,Professionnel,2024-11-05,1
00Q0001927,Trade Show,Hospitality,Senior Manager,Italy,53,945000.0,Professionnel,2026-07-04,0
00Q0001928,Cold Call,Education,Director,USA,340,17708000.0,Professionnel,2026-06-14,0
00Q0001929,Employee Referral,Energy,Team Lead,Morocco,247,22639000.0,Professionnel,2025-04-06,0
00Q0001930,Purchased List,Finance,Individual Contributor,UK,40,2687000.0,Personnel,2024-11-08,1
00Q0001931,Purchased List,Education,Team Lead,Canada,312,10585000.0,Professionnel,2025-04-13,0
00Q0001932,Partner Referral,Biotechnology,Manager,France,85,5064000.0,Personnel,2025-12-06,0
00Q0001933,Email Campaign,Government,Team Lead,Germany,60,2990000.0,Personnel,2025-10-22,0
00Q0001934,Cold Call,Technology,Team Lead,India,91,2457000.0,Personnel,2026-06-20,0
00Q0001935,Partner Referral,Banking,Manager,Italy,71,1522000.0,Professionnel,2025-12-28,1
00Q0001936,Trade Show,Banking,Team Lead,UAE,37,1779000.0,Professionnel,2025-03-24,1
00Q0001937,Web,Hospitality,Manager,Germany,91,9644000.0,Professionnel,2026-08-10,1
00Q0001938,Web,Manufacturing,Manager,Germany,112,9833000.0,Personnel,2025-01-11,0
00Q0001939,Purchased List,Banking,Individual Contributor,UK,164,10420000.0,Personnel,2026-02-05,0
00Q0001940,Partner Referral,Construction,Individual Contributor,USA,166,8019000.0,Professionnel,2026-09-01,1
00Q0001941,Email Campaign,Engineering,Senior Manager,Germany,126,2747000.0,Personnel,2025-08-09,0
00Q0001942,Email Campaign,Retail,Manager,Spain,391,38892000.0,Professionnel,2024-12-15,0
00Q0001943,Advertisement,Consulting,Individual Contributor,UK,56,5233000.0,Professionnel,2026-08-28,1
00Q0001944,Webinar,Technology,Manager,Spain,35,1624000.0,Professionnel,2025-11-26,1
00Q0001945,Web,Biotechnology,Team Lead,France,2949,198667000.0,Professionnel,2025-09-03,0
00Q0001946,Purchased List,Insurance,Team Lead,France,118,5047000.0,Personnel,2024-12-22,0
00Q0001947,Purchased List,Manufacturing,Senior Manager,Germany,36,1071000.0,Professionnel,2026-08-11,0
00Q0001948,Social Media,Chemicals,Director,USA,325,17046000.0,Professionnel,2025-10-08,0
00Q0001949,Cold Call,Media,Director,India,1,47000.0,Professionnel,2026-05-13,0
00Q0001950,Web,Machinery,Senior Manager,UK,49,5977000.0,Professionnel,2024-11-07,1
00Q0001951,Purchased List,Technology,Manager,Belgium,425,18381000.0,Professionnel,2024-12-07,0
00Q0001952,Social Media,Government,Manager,India,13,2401000.0,Professionnel,2026-08-30,0
00Q0001953,Webinar,Banking,Team Lead,Spain,61,1813000.0,Professionnel,2025-03-23,1
00Q0001954,Public Relations,Banking,Intern,Canada,9,419000.0,Personnel,2024-12-08,0
00Q0001955,Purchased List,Finance,Individual Contributor,Morocco,40,2929000.0,Professionnel,2026-08-06,0
00Q0001956,Webinar,Education,VP,Morocco,13,479000.0,Personnel,2026-08-08,0
00Q0001957,Web,Machinery,Director,Spain,86,30997000.0,Professionnel,2024-10-21,1
00Q0001958,Employee Referral,Banking,Intern,Italy,222,16986000.0,Professionnel,2025-06-19,0
00Q0001959,Web,Telecommunications,Senior Manager,USA,829,54951000.0,Professionnel,2026-05-09,1
00Q0001960,Web,Energy,Intern,USA,386,13461000.0,Professionnel,2025-11-04,0
00Q0001961,Email Campaign,Banking,Intern,USA,73,4952000.0,Personnel,2026-07-15,0
00Q0001962,Social Media,Manufacturing,C-Level,USA,148,6080000.0,Personnel,2025-02-20,0
00Q0001963,Web,Insurance,Individual Contributor,Morocco,14,779000.0,Professionnel,2026-07-10,0
00Q0001964,Social Media,Technology,Director,UK,199,5858000.0,Professionnel,2026-04-08,0
00Q0001965,Advertisement,Manufacturing,Manager,USA,345,30509000.0,Personnel,2024-12-12,0
00Q0001966,Web,Manufacturing,Manager,UK,241,18013000.0,Personnel,2025-10-02,1
00Q0001967,Purchased List,Food & Beverage,Manager,UAE,125,8544000.0,Professionnel,2025-07-05,0
00Q0001968,Advertisement,Banking,Director,France,338,24984000.0,Personnel,2025-12-24,1
00Q0001969,Email Campaign,Consulting,Manager,Spain,35,1819000.0,Professionnel,2025-08-09,1
00Q0001970,Employee Referral,Consulting,Team Lead,Canada,53,1914000.0,Professionnel,2025-01-07,0
00Q0001971,Advertisement,Retail,Manager,Germany,89,7221000.0,Professionnel,2026-07-29,1
00Q0001972,Phone Inquiry,Education,Senior Manager,Germany,1235,62675000.0,Professionnel,2025-08-03,0
00Q0001973,Web,Biotechnology,Team Lead,UK,153,12429000.0,Personnel,2025-02-12,1
00Q0001974,Advertisement,Retail,VP,Netherlands,45,3253000.0,Personnel,2025-06-13,0
00Q0001975,Cold Call,Shipping,VP,France,114,6578000.0,Professionnel,2026-05-20,0
00Q0001976,Web,Education,Team Lead,Spain,923,45350000.0,Personnel,2026-04-27,0
00Q0001977,Web,Engineering,Team Lead,USA,6,301000.0,Professionnel,2025-11-16,0
00Q0001978,Employee Referral,Finance,Team Lead,France,4,480000.0,Professionnel,2026-01-01,1
00Q0001979,Purchased List,Construction,Individual Contributor,France,48,2008000.0,Professionnel,2024-09-24,0
00Q0001980,Purchased List,Recreation,Individual Contributor,France,116,6843000.0,Professionnel,2025-07-24,0
00Q0001981,Phone Inquiry,Education,Manager,USA,53,1491000.0,Professionnel,2025-10-24,1
00Q0001982,Employee Referral,Finance,Senior Manager,India,241,12941000.0,Personnel,2026-09-08,1
00Q0001983,Phone Inquiry,Banking,Individual Contributor,Spain,68,5340000.0,Professionnel,2026-01-27,0
00Q0001984,Partner Referral,Entertainment,Manager,Italy,25,2296000.0,Personnel,2025-01-25,0
00Q0001985,Webinar,Construction,Individual Contributor,Italy,15,1372000.0,Professionnel,2025-01-17,0
00Q0001986,Purchased List,Healthcare,Manager,France,38,3333000.0,Professionnel,2025-02-05,0
00Q0001987,Purchased List,Banking,Intern,USA,101,3368000.0,Professionnel,2025-11-18,0
00Q0001988,Web,Entertainment,Team Lead,Netherlands,465,11452000.0,Personnel,2025-01-14,0
00Q0001989,Purchased List,Manufacturing,VP,Germany,298,45352000.0,Personnel,2025-06-07,0
00Q0001990,Web,Food & Beverage,VP,Morocco,394,18313000.0,Professionnel,2025-06-20,1
00Q0001991,Email Campaign,Healthcare,Director,USA,116,8240000.0,Professionnel,2024-11-18,0
00Q0001992,Employee Referral,Food & Beverage,Individual Contributor,Belgium,5,147000.0,Professionnel,2025-12-05,1
00Q0001993,Partner Referral,Retail,Senior Manager,USA,63,2118000.0,Professionnel,2025-08-12,0
00Q0001994,Purchased List,Electronics,Senior Manager,UK,70,1924000.0,Personnel,2026-01-01,0
00Q0001995,Partner Referral,Communications,Manager,India,308,14740000.0,Professionnel,2026-09-11,0
00Q0001996,Purchased List,Apparel,Manager,USA,19,980000.0,Personnel,2025-03-03,0
00Q0001997,Email Campaign,Food & Beverage,Team Lead,UK,234,10389000.0,Professionnel,2026-02-16,0
00Q0001998,Web,Chemicals,Individual Contributor,Germany,100,14710000.0,Professionnel,2024-10-01,0
00Q0001999,Web,Finance,Manager,USA,75,3833000.0,Professionnel,2026-01-20,1
00Q0002000,Web,Technology,Team Lead,Spain,24,754000.0,Professionnel,2026-06-28,0
00Q0002001,Web,Entertainment,Senior Manager,Morocco,86,3248000.0,Professionnel,2024-10-05,0
00Q0002002,Trade Show,Banking,Director,USA,19,1779000.0,Professionnel,2024-10-21,1
00Q0002003,Purchased List,Insurance,Individual Contributor,Canada,359,31851000.0,Professionnel,2025-09-01,0
00Q0002004,Purchased List,Construction,Director,Morocco,112,4625000.0,Personnel,2025-10-09,0
00Q0002005,Trade Show,Engineering,Manager,USA,90,3267000.0,Professionnel,2025-04-27,0
00Q0002006,Phone Inquiry,Retail,Manager,Netherlands,41,678000.0,Professionnel,2026-01-17,0
00Q0002007,Cold Call,Energy,Manager,France,352,21372000.0,Professionnel,2025-03-18,0
00Q0002008,Cold Call,Machinery,Manager,Netherlands,73,5302000.0,Professionnel,2026-04-02,0
00Q0002009,Trade Show,Retail,Director,Germany,231,6582000.0,Professionnel,2026-01-17,1
00Q0002010,Public Relations,Banking,Individual Contributor,Morocco,125,2877000.0,Personnel,2025-05-24,0
00Q0002011,Trade Show,Consulting,Manager,Germany,46,1605000.0,Professionnel,2025-11-10,0
00Q0002012,Advertisement,Engineering,Manager,Germany,63,6008000.0,Professionnel,2024-10-25,0
00Q0002013,Trade Show,Transportation,Manager,USA,224,6471000.0,Personnel,2026-07-28,0
00Q0002014,Employee Referral,Food & Beverage,Team Lead,USA,212,12366000.0,Personnel,2025-07-29,0
00Q0002015,Email Campaign,Energy,VP,USA,5,151000.0,Professionnel,2025-12-17,1
00Q0002016,Employee Referral,Recreation,Senior Manager,India,82,11780000.0,Professionnel,2026-03-15,0
00Q0002017,Phone Inquiry,Healthcare,Manager,Spain,906,55650000.0,Professionnel,2026-02-01,1
00Q0002018,Webinar,Energy,Team Lead,UAE,53,3345000.0,Personnel,2024-11-24,0
00Q0002019,Employee Referral,Technology,Team Lead,USA,246,8973000.0,Personnel,2026-01-19,0
00Q0002020,Web,Engineering,Senior Manager,USA,157,12033000.0,Personnel,2025-07-28,0
00Q0002021,Purchased List,Retail,Team Lead,USA,53,1708000.0,Professionnel,2024-12-22,0
00Q0002022,Employee Referral,Technology,Senior Manager,USA,26,1865000.0,Professionnel,2025-02-06,1
00Q0002023,Web,Electronics,Individual Contributor,USA,481,29711000.0,Professionnel,2025-06-07,0
00Q0002024,Phone Inquiry,Finance,Director,France,11,485000.0,Personnel,2024-10-22,0
00Q0002025,Partner Referral,Healthcare,VP,USA,115,10354000.0,Professionnel,2026-01-25,1
00Q0002026,Advertisement,Not For Profit,Senior Manager,USA,56,3598000.0,Personnel,2025-12-18,0
00Q0002027,Social Media,Retail,Director,Italy,54,1031000.0,Professionnel,2025-09-01,1
00Q0002028,Email Campaign,Manufacturing,Team Lead,Spain,84,8909000.0,Personnel,2025-09-29,0
00Q0002029,Purchased List,Finance,Intern,Germany,1849,75718000.0,Professionnel,2025-08-12,1
00Q0002030,Social Media,Technology,Team Lead,UK,46,5091000.0,Personnel,2026-05-03,0
00Q0002031,Partner Referral,Biotechnology,Manager,Italy,283,32726000.0,Professionnel,2026-07-23,1
00Q0002032,Cold Call,Technology,Individual Contributor,USA,65,6811000.0,Personnel,2024-10-08,0
00Q0002033,Purchased List,Biotechnology,Manager,USA,73,2420000.0,Professionnel,2025-04-10,0
00Q0002034,Public Relations,Transportation,VP,Italy,509,32481000.0,Personnel,2025-05-21,0
00Q0002035,Web,Consulting,Director,UK,160,10016000.0,Professionnel,2025-03-30,0
00Q0002036,Phone Inquiry,Education,C-Level,UK,6,709000.0,Professionnel,2025-06-05,1
00Q0002037,Trade Show,Agriculture,Manager,Germany,97,4830000.0,Personnel,2025-01-13,0
00Q0002038,Phone Inquiry,Technology,Manager,UK,30,776000.0,Professionnel,2025-05-13,1
00Q0002039,Webinar,Electronics,Director,France,160,6724000.0,Professionnel,2025-01-03,0
00Q0002040,Partner Referral,Engineering,Senior Manager,France,148,9860000.0,Personnel,2026-05-03,0
00Q0002041,Webinar,Engineering,Director,France,69,2769000.0,Professionnel,2025-01-19,0
00Q0002042,Partner Referral,Media,Intern,France,8,264000.0,Personnel,2025-10-07,0
00Q0002043,Partner Referral,Technology,Director,USA,121,8646000.0,Professionnel,2026-05-02,1
00Q0002044,Cold Call,Consulting,Intern,France,32,1367000.0,Professionnel,2026-01-29,0
00Q0002045,Purchased List,Chemicals,Director,France,65,3988000.0,Professionnel,2026-06-07,0
00Q0002046,Web,Technology,Senior Manager,Germany,47,2241000.0,Personnel,2026-06-05,0
00Q0002047,Social Media,Finance,Director,UK,230,12400000.0,Professionnel,2026-05-23,1
00Q0002048,Employee Referral,Healthcare,Manager,Italy,22,2234000.0,Professionnel,2025-05-20,1
00Q0002049,Phone Inquiry,Consulting,Manager,France,26,887000.0,Professionnel,2026-07-07,1
00Q0002050,Employee Referral,Manufacturing,C-Level,Morocco,265,33559000.0,Professionnel,2025-02-07,1
00Q0002051,Public Relations,Engineering,Manager,Canada,210,4738000.0,Personnel,2026-05-12,0
00Q0002052,Phone Inquiry,Healthcare,Director,USA,57,5098000.0,Personnel,2026-02-04,0
00Q0002053,Advertisement,Healthcare,Manager,UK,105,4200000.0,Professionnel,2025-01-24,1
00Q0002054,Purchased List,Finance,C-Level,USA,112,5889000.0,Personnel,2025-04-20,0
00Q0002055,Web,Finance,Intern,Morocco,34,3322000.0,Professionnel,2025-12-17,0
00Q0002056,Phone Inquiry,Retail,Director,Spain,187,26952000.0,Professionnel,2026-01-25,1
00Q0002057,Partner Referral,Shipping,Manager,USA,257,11477000.0,Professionnel,2026-08-02,0
00Q0002058,Employee Referral,Manufacturing,Senior Manager,USA,171,3811000.0,Professionnel,2026-01-29,0
00Q0002059,Trade Show,Insurance,Manager,UK,544,23115000.0,Professionnel,2025-04-04,0
00Q0002060,Purchased List,Construction,Senior Manager,USA,4,174000.0,Personnel,2024-11-17,0
00Q0002061,Social Media,Agriculture,Senior Manager,USA,96,11698000.0,Professionnel,2025-07-11,0
00Q0002062,Phone Inquiry,Media,Manager,Canada,43,1695000.0,Professionnel,2026-01-28,0
00Q0002063,Social Media,Transportation,Senior Manager,UAE,64,4143000.0,Personnel,2026-08-21,0
00Q0002064,Employee Referral,Manufacturing,Team Lead,Canada,206,20008000.0,Professionnel,2024-12-15,1
00Q0002065,Advertisement,Retail,Manager,Canada,80,1415000.0,Personnel,2025-07-07,0
00Q0002066,Social Media,Media,Manager,Morocco,309,11023000.0,Personnel,2026-04-13,0
00Q0002067,Employee Referral,Utilities,Manager,Morocco,368,15500000.0,Personnel,2025-01-02,1
00Q0002068,Social Media,Biotechnology,Director,Belgium,346,13194000.0,Professionnel,2024-10-03,1
00Q0002069,Cold Call,Media,Senior Manager,USA,417,27603000.0,Personnel,2024-11-08,0
00Q0002070,Public Relations,Agriculture,Manager,Spain,120,9862000.0,Personnel,2026-06-08,1
00Q0002071,Web,Media,Individual Contributor,Italy,747,28126000.0,Professionnel,2026-07-25,1
00Q0002072,Phone Inquiry,Banking,Individual Contributor,Germany,308,10465000.0,Professionnel,2025-02-19,1
00Q0002073,Cold Call,Engineering,Team Lead,Spain,269,19632000.0,Personnel,2024-11-05,0
00Q0002074,Phone Inquiry,Banking,Director,Canada,113,2090000.0,Professionnel,2026-07-17,1
00Q0002075,Web,Retail,Intern,Spain,146,16709000.0,Professionnel,2025-07-15,0
00Q0002076,Social Media,Retail,Manager,Germany,35,1449000.0,Professionnel,2025-08-06,0
00Q0002077,Purchased List,Finance,Individual Contributor,Germany,24,3462000.0,Professionnel,2026-01-16,0
00Q0002078,Public Relations,Media,Intern,USA,354,10857000.0,Professionnel,2025-02-09,0
00Q0002079,Social Media,Biotechnology,Individual Contributor,USA,273,27655000.0,Professionnel,2025-01-06,0
00Q0002080,Webinar,Banking,Individual Contributor,Germany,14,1205000.0,Personnel,2025-12-06,0
00Q0002081,Partner Referral,Insurance,VP,France,26,1440000.0,Personnel,2026-08-23,0
00Q0002082,Email Campaign,Food & Beverage,Manager,India,166,23791000.0,Personnel,2024-10-02,0
00Q0002083,Employee Referral,Technology,Director,France,602,22284000.0,Personnel,2025-08-07,1
00Q0002084,Email Campaign,Consulting,Director,UK,97,7040000.0,Professionnel,2025-02-13,1
00Q0002085,Social Media,Banking,Manager,Canada,48,4052000.0,Professionnel,2024-11-28,1
00Q0002086,Purchased List,Retail,Senior Manager,India,84,1192000.0,Professionnel,2024-09-20,0
00Q0002087,Purchased List,Manufacturing,Intern,USA,45,3573000.0,Professionnel,2026-09-03,0
00Q0002088,Purchased List,Finance,Individual Contributor,Belgium,258,9753000.0,Professionnel,2026-04-28,0
00Q0002089,Cold Call,Hospitality,Senior Manager,France,248,4559000.0,Professionnel,2025-07-07,0
00Q0002090,Purchased List,Banking,Team Lead,Morocco,84,10949000.0,Professionnel,2026-04-29,0
00Q0002091,Partner Referral,Technology,Team Lead,USA,188,10032000.0,Professionnel,2025-10-17,1
00Q0002092,Web,Education,Director,Canada,13,1151000.0,Personnel,2024-09-20,0
00Q0002093,Phone Inquiry,Retail,Individual Contributor,France,30,1851000.0,Personnel,2024-11-01,0
00Q0002094,Web,Construction,Individual Contributor,Canada,56,1662000.0,Professionnel,2025-02-21,0
00Q0002095,Phone Inquiry,Technology,Manager,UAE,68,5069000.0,Professionnel,2026-01-06,1
00Q0002096,Web,Transportation,VP,Morocco,50,1062000.0,Professionnel,2026-08-20,0
00Q0002097,Web,Transportation,Director,France,56,7604000.0,Personnel,2025-07-19,1
00Q0002098,Email Campaign,Healthcare,Individual Contributor,USA,57,2493000.0,Personnel,2025-03-01,0
00Q0002099,Webinar,Government,Manager,USA,56,5186000.0,Professionnel,2025-10-04,1
00Q0002100,Social Media,Consulting,Team Lead,UK,25,890000.0,Professionnel,2025-06-29,1
00Q0002101,Public Relations,Construction,Director,UK,69,8052000.0,Personnel,2026-09-10,1
00Q0002102,Partner Referral,Not For Profit,Senior Manager,Spain,208,35545000.0,Professionnel,2024-09-28,1
00Q0002103,Web,Finance,Manager,Germany,403,21707000.0,Professionnel,2026-06-19,0
00Q0002104,Partner Referral,Entertainment,Director,India,19,847000.0,Professionnel,2026-01-04,1
00Q0002105,Social Media,Media,Intern,USA,45,1330000.0,Personnel,2026-05-29,0
00Q0002106,Web,Consulting,Team Lead,USA,9,630000.0,Professionnel,2025-04-09,0
00Q0002107,Webinar,Transportation,Manager,Spain,180,10702000.0,Professionnel,2026-05-21,0
00Q0002108,Phone Inquiry,Government,Team Lead,Belgium,347,18524000.0,Personnel,2026-02-04,0
00Q0002109,Webinar,Communications,Manager,Canada,38,2334000.0,Professionnel,2025-12-27,1
00Q0002110,Trade Show,Communications,Individual Contributor,India,746,59208000.0,Professionnel,2025-11-30,1
00Q0002111,Social Media,Technology,Manager,UAE,38,8006000.0,Professionnel,2026-05-28,0
00Q0002112,Webinar,Electronics,Intern,USA,68,6228000.0,Personnel,2025-11-17,0
00Q0002113,Cold Call,Energy,Individual Contributor,Spain,23,2378000.0,Professionnel,2025-10-15,0
00Q0002114,Purchased List,Finance,Team Lead,France,267,33987000.0,Personnel,2025-06-13,0
00Q0002115,Web,Education,Team Lead,Italy,83,7100000.0,Personnel,2026-02-14,0
00Q0002116,Advertisement,Media,C-Level,UK,79,16452000.0,Personnel,2025-10-29,1
00Q0002117,Web,Biotechnology,Team Lead,USA,8,968000.0,Professionnel,2025-10-04,1
00Q0002118,Partner Referral,Retail,Team Lead,USA,239,9024000.0,Personnel,2024-09-20,1
00Q0002119,Email Campaign,Construction,Team Lead,France,28,1646000.0,Personnel,2025-10-15,0
00Q0002120,Trade Show,Chemicals,Individual Contributor,USA,45,5238000.0,Personnel,2025-09-13,0
00Q0002121,Social Media,Healthcare,Manager,Morocco,134,10465000.0,Personnel,2026-09-03,0
00Q0002122,Phone Inquiry,Biotechnology,Senior Manager,Canada,37,3431000.0,Professionnel,2025-11-18,1
00Q0002123,Purchased List,Telecommunications,Individual Contributor,France,932,35797000.0,Professionnel,2025-04-25,0
00Q0002124,Web,Insurance,Team Lead,Italy,45,3282000.0,Professionnel,2025-07-24,0
00Q0002125,Web,Education,Individual Contributor,Canada,206,13351000.0,Personnel,2026-04-17,0
00Q0002126,Cold Call,Government,Director,USA,70,1334000.0,Professionnel,2026-07-11,0
00Q0002127,Public Relations,Telecommunications,Director,France,14,813000.0,Professionnel,2026-03-15,0
00Q0002128,Trade Show,Retail,Individual Contributor,USA,9,681000.0,Professionnel,2024-11-22,0
00Q0002129,Web,Food & Beverage,Senior Manager,Germany,282,17439000.0,Professionnel,2025-12-05,1
00Q0002130,Web,Finance,Director,Canada,278,15550000.0,Professionnel,2026-04-22,1
00Q0002131,Employee Referral,Construction,Director,Belgium,59,1846000.0,Professionnel,2025-07-15,1
00Q0002132,Email Campaign,Agriculture,Director,UK,1593,218420000.0,Personnel,2025-12-28,0
00Q0002133,Trade Show,Education,Manager,UK,79,3044000.0,Personnel,2024-10-02,0
00Q0002134,Webinar,Retail,Individual Contributor,USA,576,20613000.0,Professionnel,2026-07-17,0
00Q0002135,Web,Manufacturing,Team Lead,UK,194,6267000.0,Professionnel,2025-07-10,1
00Q0002136,Cold Call,Construction,Senior Manager,USA,10,1329000.0,Professionnel,2025-05-22,0
00Q0002137,Webinar,Technology,Manager,India,154,6085000.0,Professionnel,2025-08-05,0
00Q0002138,Employee Referral,Technology,Manager,USA,12,758000.0,Professionnel,2026-06-04,1
00Q0002139,Advertisement,Healthcare,VP,USA,48,5199000.0,Professionnel,2026-04-15,0
00Q0002140,Web,Technology,Senior Manager,France,136,3273000.0,Professionnel,2026-03-21,0
00Q0002141,Purchased List,Media,Team Lead,Germany,13,1698000.0,Personnel,2025-01-08,0
00Q0002142,Webinar,Banking,Individual Contributor,France,55,3827000.0,Personnel,2025-06-12,0
00Q0002143,Partner Referral,Transportation,Manager,USA,459,17028000.0,Professionnel,2026-05-25,1
00Q0002144,Trade Show,Manufacturing,Director,Canada,169,16756000.0,Professionnel,2024-10-14,0
00Q0002145,Partner Referral,Transportation,Manager,USA,40,1318000.0,Personnel,2025-04-02,1
00Q0002146,Advertisement,Education,Senior Manager,USA,150,6793000.0,Professionnel,2026-08-02,0
00Q0002147,Advertisement,Technology,Team Lead,Morocco,9,708000.0,Personnel,2026-06-17,0
00Q0002148,Advertisement,Transportation,Manager,Italy,11,561000.0,Professionnel,2025-02-27,0
00Q0002149,Web,Hospitality,Individual Contributor,USA,7,558000.0,Professionnel,2025-03-22,0
00Q0002150,Partner Referral,Healthcare,Manager,USA,40,6218000.0,Personnel,2026-09-09,0
00Q0002151,Purchased List,Government,Manager,UK,720,15088000.0,Personnel,2025-12-03,0
00Q0002152,Public Relations,Recreation,Team Lead,India,62,14149000.0,Personnel,2025-05-12,0
00Q0002153,Trade Show,Machinery,Manager,Belgium,74,5358000.0,Professionnel,2026-04-23,0
00Q0002154,Purchased List,Consulting,Senior Manager,France,154,12218000.0,Personnel,2025-03-29,0
00Q0002155,Cold Call,Communications,Manager,Belgium,23,499000.0,Personnel,2025-01-30,1
00Q0002156,Cold Call,Construction,Senior Manager,UAE,34,1118000.0,Personnel,2026-07-14,0
00Q0002157,Employee Referral,Shipping,VP,France,45,3243000.0,Personnel,2025-09-25,1
00Q0002158,Web,Education,Manager,UK,42,3303000.0,Personnel,2025-05-29,1
00Q0002159,Employee Referral,Media,Senior Manager,UK,20,2228000.0,Professionnel,2025-03-17,0
00Q0002160,Purchased List,Technology,Manager,USA,24,2029000.0,Professionnel,2026-02-15,0
00Q0002161,Partner Referral,Manufacturing,Director,Morocco,424,5232000.0,Professionnel,2025-04-13,0
00Q0002162,Email Campaign,Recreation,Manager,UK,34,2272000.0,Professionnel,2026-07-02,0
00Q0002163,Web,Insurance,Director,Canada,618,8623000.0,Professionnel,2025-11-04,1
00Q0002164,Purchased List,Entertainment,Manager,Italy,60,2061000.0,Personnel,2024-12-25,0
00Q0002165,Web,Education,Individual Contributor,UK,292,15628000.0,Professionnel,2025-11-21,0
00Q0002166,Purchased List,Manufacturing,C-Level,France,63,4863000.0,Professionnel,2025-03-25,1
00Q0002167,Web,Telecommunications,Individual Contributor,France,201,11224000.0,Personnel,2025-07-28,0
00Q0002168,Web,Media,Individual Contributor,Netherlands,1547,77442000.0,Personnel,2026-03-24,0
00Q0002169,Web,Retail,Manager,Spain,20,927000.0,Professionnel,2026-02-06,0
00Q0002170,Partner Referral,Healthcare,Individual Contributor,UK,14,2322000.0,Professionnel,2026-04-14,1
00Q0002171,Web,Consulting,Manager,Netherlands,123,16216000.0,Professionnel,2026-06-03,1
00Q0002172,Phone Inquiry,Manufacturing,Individual Contributor,Belgium,273,24621000.0,Personnel,2025-06-03,0
00Q0002173,Web,Engineering,Intern,USA,20,906000.0,Professionnel,2024-09-19,0
00Q0002174,Email Campaign,Banking,Manager,India,39,5019000.0,Professionnel,2025-07-11,0
00Q0002175,Partner Referral,Technology,Director,Canada,528,13917000.0,Professionnel,2025-01-17,1
00Q0002176,Web,Finance,Senior Manager,UK,986,93503000.0,Professionnel,2025-08-29,1
00Q0002177,Purchased List,Retail,Team Lead,UK,61,2781000.0,Professionnel,2025-07-31,0
00Q0002178,Advertisement,Healthcare,Intern,France,402,19983000.0,Professionnel,2025-01-30,0
00Q0002179,Trade Show,Energy,Manager,France,17,1742000.0,Professionnel,2026-05-03,1
00Q0002180,Web,Shipping,Individual Contributor,UAE,672,50371000.0,Personnel,2025-09-07,0
00Q0002181,Public Relations,Technology,Individual Contributor,Morocco,174,12361000.0,Professionnel,2024-12-12,0
00Q0002182,Social Media,Consulting,C-Level,Spain,52,4486000.0,Professionnel,2024-12-19,1
00Q0002183,Webinar,Healthcare,Intern,USA,278,25988000.0,Personnel,2026-03-29,0
00Q0002184,Social Media,Machinery,Senior Manager,Netherlands,73,4763000.0,Personnel,2026-06-19,0
00Q0002185,Web,Chemicals,Team Lead,UAE,151,2652000.0,Professionnel,2026-01-02,0
00Q0002186,Phone Inquiry,Insurance,Senior Manager,USA,71,14001000.0,Personnel,2026-01-22,0
00Q0002187,Webinar,Retail,Individual Contributor,Germany,68,2661000.0,Personnel,2026-05-22,0
00Q0002188,Trade Show,Apparel,VP,UK,228,2938000.0,Professionnel,2026-04-04,1
00Q0002189,Trade Show,Construction,Manager,USA,32,1286000.0,Professionnel,2024-10-25,1
00Q0002190,Purchased List,Agriculture,Intern,Canada,476,17598000.0,Personnel,2025-08-05,0
00Q0002191,Phone Inquiry,Finance,Director,Spain,95,4141000.0,Personnel,2026-05-26,0
00Q0002192,Phone Inquiry,Insurance,Individual Contributor,France,7,495000.0,Personnel,2026-07-01,0
00Q0002193,Webinar,Finance,Manager,Netherlands,182,21609000.0,Professionnel,2025-08-27,0
00Q0002194,Cold Call,Communications,Intern,Spain,710,63720000.0,Personnel,2025-06-24,0
00Q0002195,Employee Referral,Construction,Individual Contributor,Morocco,17,978000.0,Professionnel,2025-12-04,0
00Q0002196,Partner Referral,Electronics,Individual Contributor,Germany,12,885000.0,Professionnel,2024-10-20,0
00Q0002197,Partner Referral,Telecommunications,Manager,France,106,3984000.0,Personnel,2025-07-29,0
00Q0002198,Trade Show,Technology,Manager,USA,235,20228000.0,Professionnel,2025-10-09,0
00Q0002199,Phone Inquiry,Food & Beverage,Individual Contributor,India,216,19062000.0,Personnel,2026-05-25,0
00Q0002200,Purchased List,Consulting,Manager,UK,94,8844000.0,Professionnel,2026-02-18,0
00Q0002201,Purchased List,Hospitality,Individual Contributor,France,40,1955000.0,Professionnel,2025-12-11,0
00Q0002202,Purchased List,Technology,Senior Manager,UK,88,4927000.0,Professionnel,2025-06-22,0
00Q0002203,Public Relations,Not For Profit,Individual Contributor,USA,6,305000.0,Professionnel,2025-11-02,0
00Q0002204,Webinar,Manufacturing,Team Lead,France,26,1589000.0,Personnel,2026-08-26,1
00Q0002205,Web,Environmental,Team Lead,Germany,30,1796000.0,Professionnel,2026-08-21,0
00Q0002206,Web,Apparel,Team Lead,USA,51,2822000.0,Personnel,2026-06-21,0
00Q0002207,Advertisement,Transportation,Individual Contributor,Spain,115,6616000.0,Professionnel,2026-06-08,0
00Q0002208,Partner Referral,Government,Manager,India,53,3527000.0,Personnel,2025-01-31,0
00Q0002209,Phone Inquiry,Entertainment,Intern,Italy,116,1624000.0,Professionnel,2025-02-19,0
00Q0002210,Partner Referral,Not For Profit,Senior Manager,USA,150,8706000.0,Personnel,2025-02-04,0
00Q0002211,Purchased List,Not For Profit,Intern,Netherlands,49,808000.0,Personnel,2024-10-04,0
00Q0002212,Partner Referral,Construction,Individual Contributor,Canada,44,7654000.0,Professionnel,2025-12-14,1
00Q0002213,Email Campaign,Insurance,Manager,USA,21,857000.0,Professionnel,2025-12-06,0
00Q0002214,Purchased List,Apparel,Team Lead,France,71,7008000.0,Professionnel,2025-10-07,0
00Q0002215,Trade Show,Machinery,Individual Contributor,Italy,366,10396000.0,Personnel,2026-03-24,0
00Q0002216,Purchased List,Consulting,Senior Manager,Morocco,60,4049000.0,Professionnel,2024-10-27,0
00Q0002217,Social Media,Manufacturing,Manager,Belgium,67,2615000.0,Personnel,2026-06-11,0
00Q0002218,Webinar,Banking,Individual Contributor,India,11,1695000.0,Professionnel,2025-04-01,0
00Q0002219,Web,Retail,Manager,UK,73,7968000.0,Professionnel,2024-11-21,1
00Q0002220,Phone Inquiry,Transportation,Individual Contributor,UK,117,3298000.0,Professionnel,2025-05-04,0
00Q0002221,Purchased List,Biotechnology,Director,USA,167,36038000.0,Professionnel,2026-07-22,0
00Q0002222,Purchased List,Retail,Director,UK,59,1048000.0,Personnel,2026-08-17,0
00Q0002223,Purchased List,Finance,Manager,India,41,1300000.0,Personnel,2026-02-21,0
00Q0002224,Social Media,Finance,Intern,UK,64,7808000.0,Personnel,2026-09-16,0
00Q0002225,Webinar,Utilities,Director,USA,27,2521000.0,Personnel,2025-06-29,0
00Q0002226,Purchased List,Construction,Team Lead,Canada,842,97232000.0,Professionnel,2025-12-12,0
00Q0002227,Advertisement,Banking,Senior Manager,France,47,3378000.0,Personnel,2025-11-28,0
00Q0002228,Web,Agriculture,Senior Manager,UK,81,1754000.0,Professionnel,2025-04-21,0
00Q0002229,Employee Referral,Agriculture,Director,USA,32,1228000.0,Professionnel,2026-03-18,1
00Q0002230,Phone Inquiry,Technology,Manager,USA,46,4035000.0,Personnel,2025-08-23,0
00Q0002231,Trade Show,Technology,Team Lead,France,64,5009000.0,Personnel,2025-02-06,0
00Q0002232,Purchased List,Finance,Intern,USA,8,953000.0,Professionnel,2026-05-01,0
00Q0002233,Purchased List,Finance,Senior Manager,Germany,1286,55798000.0,Personnel,2026-02-05,0
00Q0002234,Web,Not For Profit,Senior Manager,Canada,41,2165000.0,Personnel,2026-07-25,0
00Q0002235,Phone Inquiry,Healthcare,Manager,Spain,76,3186000.0,Professionnel,2025-04-09,1
00Q0002236,Purchased List,Construction,Individual Contributor,Germany,48,5370000.0,Professionnel,2026-02-05,0
00Q0002237,Advertisement,Healthcare,Individual Contributor,France,82,7005000.0,Personnel,2024-11-18,0
00Q0002238,Purchased List,Media,Manager,USA,213,8485000.0,Professionnel,2026-02-02,0
00Q0002239,Purchased List,Biotechnology,Team Lead,Germany,560,36276000.0,Professionnel,2026-05-05,0
00Q0002240,Advertisement,Technology,Manager,France,30,1223000.0,Personnel,2026-02-07,0
00Q0002241,Public Relations,Retail,C-Level,Morocco,313,14600000.0,Professionnel,2024-10-16,1
00Q0002242,Phone Inquiry,Healthcare,Manager,USA,272,29981000.0,Professionnel,2025-06-06,0
00Q0002243,Phone Inquiry,Healthcare,Senior Manager,Netherlands,74,6052000.0,Professionnel,2026-09-17,1
00Q0002244,Partner Referral,Biotechnology,Intern,USA,28,1878000.0,Personnel,2025-06-22,0
00Q0002245,Partner Referral,Food & Beverage,Team Lead,USA,49,3227000.0,Personnel,2025-07-20,0
00Q0002246,Email Campaign,Manufacturing,Manager,Canada,93,1602000.0,Personnel,2025-05-27,0
00Q0002247,Phone Inquiry,Insurance,Senior Manager,USA,205,15895000.0,Personnel,2026-02-20,0
00Q0002248,Partner Referral,Insurance,Manager,India,68,8433000.0,Professionnel,2026-09-07,0
00Q0002249,Email Campaign,Energy,Director,UK,229,6014000.0,Personnel,2025-02-23,0
00Q0002250,Email Campaign,Healthcare,Individual Contributor,Canada,1971,133407000.0,Professionnel,2026-06-10,0
00Q0002251,Cold Call,Engineering,Senior Manager,UK,17,1005000.0,Professionnel,2025-06-29,0
00Q0002252,Partner Referral,Insurance,Manager,Canada,343,17928000.0,Professionnel,2024-09-19,0
00Q0002253,Trade Show,Shipping,Manager,France,111,10333000.0,Professionnel,2026-06-17,1
00Q0002254,Web,Healthcare,Director,USA,41,2509000.0,Professionnel,2025-08-09,0
00Q0002255,Partner Referral,Entertainment,Senior Manager,UK,60,4895000.0,Professionnel,2026-02-02,0
00Q0002256,Purchased List,Technology,Manager,USA,39,6672000.0,Professionnel,2026-01-20,0
00Q0002257,Purchased List,Recreation,Director,Spain,9,328000.0,Professionnel,2025-06-04,1
00Q0002258,Advertisement,Communications,Manager,Morocco,28,4378000.0,Personnel,2025-07-30,0
00Q0002259,Employee Referral,Engineering,Manager,Canada,132,3512000.0,Professionnel,2026-02-08,1
00Q0002260,Web,Manufacturing,Individual Contributor,USA,28,781000.0,Personnel,2026-08-22,0
00Q0002261,Trade Show,Manufacturing,Individual Contributor,Italy,44,1012000.0,Professionnel,2025-08-30,0
00Q0002262,Partner Referral,Construction,Team Lead,Spain,256,24475000.0,Professionnel,2025-09-18,0
00Q0002263,Purchased List,Media,Manager,USA,97,4742000.0,Professionnel,2026-09-10,0
00Q0002264,Phone Inquiry,Electronics,VP,USA,576,58009000.0,Professionnel,2025-01-20,1
00Q0002265,Purchased List,Government,Individual Contributor,UK,997,87338000.0,Personnel,2026-02-11,0
00Q0002266,Web,Government,Individual Contributor,India,110,8880000.0,Professionnel,2025-08-04,0
00Q0002267,Partner Referral,Government,Director,USA,367,38355000.0,Personnel,2025-07-05,0
00Q0002268,Web,Finance,Senior Manager,Belgium,759,123650000.0,Professionnel,2026-02-03,0
00Q0002269,Partner Referral,Education,Team Lead,UK,21,838000.0,Professionnel,2024-11-08,0
00Q0002270,Web,Healthcare,VP,USA,213,11193000.0,Personnel,2025-03-06,0
00Q0002271,Email Campaign,Banking,Individual Contributor,UK,10,2192000.0,Personnel,2025-04-24,0
00Q0002272,Social Media,Recreation,VP,Netherlands,70,1861000.0,Professionnel,2025-10-12,0
00Q0002273,Trade Show,Technology,Senior Manager,Germany,63,6367000.0,Personnel,2025-09-26,0
00Q0002274,Purchased List,Education,Senior Manager,USA,24,1807000.0,Professionnel,2024-11-20,0
00Q0002275,Purchased List,Telecommunications,Team Lead,USA,374,15829000.0,Personnel,2025-11-29,0
00Q0002276,Employee Referral,Construction,Manager,Morocco,166,10409000.0,Professionnel,2024-10-15,1
00Q0002277,Social Media,Construction,Team Lead,Italy,203,13624000.0,Personnel,2025-08-04,0
00Q0002278,Social Media,Healthcare,Director,UAE,132,6739000.0,Professionnel,2025-05-03,1
00Q0002279,Social Media,Technology,Senior Manager,Netherlands,52,6391000.0,Professionnel,2025-08-14,0
00Q0002280,Web,Manufacturing,Team Lead,USA,44,1027000.0,Professionnel,2026-04-17,0
00Q0002281,Phone Inquiry,Media,Director,USA,94,4930000.0,Personnel,2024-12-18,0
00Q0002282,Public Relations,Food & Beverage,Senior Manager,Canada,10,1577000.0,Personnel,2026-01-29,1
00Q0002283,Purchased List,Engineering,Manager,UK,86,14048000.0,Professionnel,2024-12-06,0
00Q0002284,Email Campaign,Insurance,Manager,Germany,14,367000.0,Personnel,2024-10-20,0
00Q0002285,Webinar,Education,Director,France,29,3649000.0,Professionnel,2024-12-25,0
00Q0002286,Webinar,Healthcare,Manager,UK,77,9283000.0,Professionnel,2026-02-11,1
00Q0002287,Partner Referral,Technology,Manager,UK,135,6241000.0,Professionnel,2026-02-22,1
00Q0002288,Purchased List,Consulting,C-Level,France,23,1106000.0,Personnel,2026-03-10,0
00Q0002289,Advertisement,Insurance,VP,Canada,243,57712000.0,Professionnel,2024-09-24,1
00Q0002290,Trade Show,Construction,Director,Spain,83,14364000.0,Personnel,2025-08-14,1
00Q0002291,Trade Show,Entertainment,Manager,France,175,8929000.0,Professionnel,2026-04-25,0
00Q0002292,Social Media,Finance,Individual Contributor,Belgium,18,1345000.0,Personnel,2024-10-18,0
00Q0002293,Purchased List,Hospitality,Manager,France,60,4289000.0,Professionnel,2025-01-11,0
00Q0002294,Purchased List,Technology,Team Lead,India,73,4660000.0,Personnel,2025-05-18,0
00Q0002295,Web,Machinery,Manager,USA,12,429000.0,Personnel,2025-04-08,0
00Q0002296,Web,Consulting,Team Lead,India,42,1661000.0,Personnel,2025-06-25,0
00Q0002297,Phone Inquiry,Consulting,Director,Morocco,119,7741000.0,Professionnel,2025-04-27,0
00Q0002298,Social Media,Retail,Intern,Italy,474,7091000.0,Professionnel,2025-03-04,0
00Q0002299,Web,Banking,Individual Contributor,Germany,95,6123000.0,Personnel,2025-06-24,0
00Q0002300,Email Campaign,Telecommunications,Intern,USA,517,61559000.0,Personnel,2026-08-15,0
00Q0002301,Web,Manufacturing,Director,UK,299,14943000.0,Professionnel,2026-05-19,1
00Q0002302,Web,Government,Team Lead,Germany,145,5519000.0,Professionnel,2025-03-25,0
00Q0002303,Purchased List,Hospitality,Individual Contributor,USA,948,62785000.0,Professionnel,2026-01-08,0
00Q0002304,Purchased List,Consulting,Manager,Germany,9,386000.0,Professionnel,2025-06-02,0
00Q0002305,Web,Telecommunications,Manager,France,263,8041000.0,Personnel,2025-02-26,0
00Q0002306,Social Media,Retail,Individual Contributor,USA,88,2405000.0,Personnel,2025-05-04,0
00Q0002307,Trade Show,Technology,Individual Contributor,UK,53,3171000.0,Professionnel,2025-01-26,1
00Q0002308,Cold Call,Media,Manager,USA,267,49593000.0,Professionnel,2024-12-13,0
00Q0002309,Employee Referral,Finance,VP,Canada,412,32385000.0,Professionnel,2026-01-24,1
00Q0002310,Web,Insurance,Manager,Germany,1504,83458000.0,Professionnel,2026-03-24,0
00Q0002311,Purchased List,Finance,Individual Contributor,UK,149,17708000.0,Professionnel,2024-10-19,1
00Q0002312,Purchased List,Energy,Director,Netherlands,24,1759000.0,Personnel,2024-10-25,0
00Q0002313,Purchased List,Technology,Individual Contributor,UK,92,6180000.0,Professionnel,2025-03-03,0
00Q0002314,Partner Referral,Finance,Team Lead,USA,33,2123000.0,Professionnel,2025-01-20,0
00Q0002315,Email Campaign,Food & Beverage,Senior Manager,Morocco,17,561000.0,Professionnel,2025-07-10,0
00Q0002316,Social Media,Energy,Intern,Spain,40,1920000.0,Professionnel,2025-12-26,0
00Q0002317,Web,Transportation,Team Lead,Spain,288,13427000.0,Professionnel,2024-11-24,0
00Q0002318,Social Media,Manufacturing,Manager,India,52,3768000.0,Professionnel,2025-06-23,1
00Q0002319,Web,Construction,Director,Germany,41,3575000.0,Professionnel,2026-03-08,0
00Q0002320,Social Media,Environmental,Manager,UK,3,670000.0,Professionnel,2026-08-02,0
00Q0002321,Social Media,Hospitality,Director,Netherlands,532,39190000.0,Personnel,2025-08-10,0
00Q0002322,Trade Show,Food & Beverage,Team Lead,Spain,275,35468000.0,Professionnel,2025-10-09,1
00Q0002323,Advertisement,Construction,Director,France,29,1716000.0,Personnel,2026-05-28,0
00Q0002324,Social Media,Technology,VP,France,131,8911000.0,Professionnel,2026-01-19,1
00Q0002325,Webinar,Technology,Manager,UK,97,14016000.0,Professionnel,2026-03-11,1
00Q0002326,Trade Show,Banking,Team Lead,UAE,165,18781000.0,Professionnel,2026-04-07,1
00Q0002327,Web,Hospitality,Director,UAE,87,6659000.0,Personnel,2024-10-29,0
00Q0002328,Purchased List,Technology,VP,Italy,518,17791000.0,Personnel,2026-09-06,0
00Q0002329,Partner Referral,Telecommunications,Senior Manager,India,14,791000.0,Professionnel,2024-11-26,1
00Q0002330,Advertisement,Government,C-Level,France,25,2504000.0,Professionnel,2025-10-16,1
00Q0002331,Social Media,Banking,Team Lead,USA,19,2455000.0,Personnel,2025-08-14,0
00Q0002332,Email Campaign,Telecommunications,Team Lead,UAE,106,6370000.0,Professionnel,2025-12-18,1
00Q0002333,Web,Engineering,Team Lead,UAE,185,8975000.0,Professionnel,2025-09-12,0
00Q0002334,Email Campaign,Manufacturing,Intern,France,160,8190000.0,Personnel,2026-04-01,1
00Q0002335,Social Media,Government,Director,USA,153,14091000.0,Personnel,2026-07-18,0
00Q0002336,Web,Healthcare,Director,Canada,809,41192000.0,Personnel,2025-10-18,0
00Q0002337,Social Media,Food & Beverage,VP,France,181,11881000.0,Professionnel,2025-03-25,0
00Q0002338,Partner Referral,Hospitality,Manager,Morocco,364,24291000.0,Professionnel,2025-04-07,0
00Q0002339,Purchased List,Consulting,Individual Contributor,USA,27,329000.0,Professionnel,2026-06-23,0
00Q0002340,Advertisement,Food & Beverage,Individual Contributor,Canada,601,10323000.0,Professionnel,2025-05-27,0
00Q0002341,Phone Inquiry,Insurance,Manager,Canada,21,4985000.0,Professionnel,2025-11-11,1
00Q0002342,Social Media,Hospitality,Manager,USA,1889,115146000.0,Personnel,2024-09-17,0
00Q0002343,Partner Referral,Manufacturing,Team Lead,Spain,37,1502000.0,Professionnel,2025-09-13,1
00Q0002344,Webinar,Healthcare,Individual Contributor,Morocco,462,37529000.0,Professionnel,2025-06-25,0
00Q0002345,Social Media,Banking,Manager,Germany,338,11942000.0,Personnel,2025-01-25,1
00Q0002346,Social Media,Biotechnology,Team Lead,UK,22,1002000.0,Personnel,2025-03-06,0
00Q0002347,Web,Healthcare,Manager,France,76,6006000.0,Professionnel,2025-05-05,1
00Q0002348,Partner Referral,Food & Beverage,Individual Contributor,India,23,1190000.0,Personnel,2025-08-29,0
00Q0002349,Email Campaign,Energy,VP,France,41,843000.0,Professionnel,2025-04-27,0
00Q0002350,Email Campaign,Chemicals,Intern,Morocco,55,2354000.0,Personnel,2025-09-10,0
00Q0002351,Social Media,Energy,Individual Contributor,France,290,32737000.0,Professionnel,2025-02-21,0
00Q0002352,Purchased List,Manufacturing,Senior Manager,UK,108,4785000.0,Professionnel,2026-06-28,0
00Q0002353,Advertisement,Banking,VP,Canada,137,4317000.0,Personnel,2024-12-26,1
00Q0002354,Web,Technology,Senior Manager,Italy,9236,573725000.0,Professionnel,2024-10-22,1
00Q0002355,Public Relations,Government,Team Lead,Canada,62,1684000.0,Professionnel,2024-12-31,0
00Q0002356,Purchased List,Retail,Team Lead,India,66,18489000.0,Professionnel,2024-12-05,0
00Q0002357,Social Media,Chemicals,Team Lead,UK,107,5431000.0,Professionnel,2025-12-12,0
00Q0002358,Phone Inquiry,Transportation,Manager,France,155,2337000.0,Professionnel,2025-05-13,0
00Q0002359,Purchased List,Food & Beverage,Senior Manager,USA,1128,132251000.0,Professionnel,2026-01-15,0
00Q0002360,Purchased List,Media,Senior Manager,India,64,2276000.0,Professionnel,2025-08-16,0
00Q0002361,Employee Referral,Media,Director,France,151,2319000.0,Professionnel,2025-06-27,0
00Q0002362,Social Media,Banking,Intern,Morocco,350,22855000.0,Professionnel,2025-02-16,0
00Q0002363,Web,Technology,Manager,USA,8,588000.0,Professionnel,2026-04-30,0
00Q0002364,Email Campaign,Insurance,Senior Manager,UK,37,1317000.0,Personnel,2024-09-24,0
00Q0002365,Employee Referral,Electronics,Individual Contributor,India,163,18340000.0,Personnel,2024-11-08,0
00Q0002366,Social Media,Retail,Manager,Spain,77,5590000.0,Professionnel,2026-07-11,0
00Q0002367,Employee Referral,Banking,Manager,USA,120,6412000.0,Professionnel,2025-09-06,1
00Q0002368,Social Media,Retail,Director,USA,54,4519000.0,Professionnel,2026-06-07,0
00Q0002369,Phone Inquiry,Environmental,Manager,USA,273,27774000.0,Professionnel,2026-01-19,1
00Q0002370,Email Campaign,Education,Intern,USA,46,1851000.0,Professionnel,2025-05-18,0
00Q0002371,Trade Show,Technology,Individual Contributor,USA,184,7869000.0,Professionnel,2025-04-18,1
00Q0002372,Trade Show,Technology,Individual Contributor,UK,34,5680000.0,Personnel,2025-09-12,0
00Q0002373,Web,Technology,Manager,USA,45,6787000.0,Professionnel,2026-02-03,0
00Q0002374,Social Media,Retail,Intern,France,23,1563000.0,Personnel,2026-02-24,0
00Q0002375,Partner Referral,Entertainment,Director,USA,139,6271000.0,Professionnel,2025-07-23,1
00Q0002376,Partner Referral,Manufacturing,Manager,India,66,4024000.0,Professionnel,2025-06-10,1
00Q0002377,Web,Consulting,VP,USA,5,788000.0,Professionnel,2025-02-02,1
00Q0002378,Cold Call,Manufacturing,Individual Contributor,Germany,146,3476000.0,Professionnel,2026-03-17,0
00Q0002379,Social Media,Education,Manager,USA,142,9539000.0,Personnel,2026-06-26,0
00Q0002380,Web,Government,Manager,UK,52,1325000.0,Professionnel,2025-12-14,0
00Q0002381,Partner Referral,Insurance,Individual Contributor,USA,182,31293000.0,Professionnel,2024-09-20,1
00Q0002382,Webinar,Technology,Manager,Spain,28,1394000.0,Personnel,2026-02-22,0
00Q0002383,Phone Inquiry,Shipping,VP,Germany,8,507000.0,Professionnel,2025-12-22,1
00Q0002384,Partner Referral,Not For Profit,Team Lead,UK,55,5186000.0,Professionnel,2026-03-13,0
00Q0002385,Employee Referral,Telecommunications,Manager,Germany,1116,75881000.0,Professionnel,2025-03-14,1
00Q0002386,Phone Inquiry,Hospitality,VP,USA,62,6828000.0,Personnel,2025-02-18,0
00Q0002387,Purchased List,Finance,Individual Contributor,France,20,1685000.0,Personnel,2026-07-04,0
00Q0002388,Public Relations,Energy,Individual Contributor,Belgium,104,4361000.0,Professionnel,2024-09-26,1
00Q0002389,Social Media,Healthcare,Director,India,72,3194000.0,Professionnel,2025-03-16,0
00Q0002390,Web,Education,Individual Contributor,USA,6,447000.0,Personnel,2026-07-13,0
00Q0002391,Web,Consulting,VP,USA,281,30418000.0,Professionnel,2025-02-25,1
00Q0002392,Advertisement,Telecommunications,Manager,UK,321,20064000.0,Personnel,2024-11-02,0
00Q0002393,Trade Show,Education,Team Lead,Spain,113,5910000.0,Personnel,2026-06-02,0
00Q0002394,Advertisement,Agriculture,Individual Contributor,USA,87,3281000.0,Professionnel,2025-02-18,0
00Q0002395,Trade Show,Manufacturing,VP,France,474,64844000.0,Personnel,2024-10-31,1
00Q0002396,Public Relations,Consulting,Manager,UK,210,12034000.0,Professionnel,2026-05-07,1
00Q0002397,Purchased List,Manufacturing,Manager,Germany,176,13872000.0,Professionnel,2026-02-08,0
00Q0002398,Advertisement,Retail,Manager,UK,38,821000.0,Personnel,2025-07-08,0
00Q0002399,Phone Inquiry,Healthcare,Manager,USA,111,7904000.0,Professionnel,2025-02-24,0
00Q0002400,Advertisement,Technology,Manager,France,233,9248000.0,Professionnel,2025-07-11,0
00Q0002401,Phone Inquiry,Manufacturing,Manager,Germany,32,810000.0,Personnel,2026-02-28,0
00Q0002402,Email Campaign,Technology,Director,Germany,12,214000.0,Professionnel,2025-10-09,0
00Q0002403,Purchased List,Consulting,Individual Contributor,USA,741,22510000.0,Professionnel,2024-11-10,0
00Q0002404,Web,Government,Manager,USA,47,2114000.0,Professionnel,2024-10-05,0
00Q0002405,Partner Referral,Education,Individual Contributor,France,22,872000.0,Professionnel,2024-11-27,0
00Q0002406,Phone Inquiry,Shipping,Team Lead,France,13,824000.0,Professionnel,2025-12-13,0
00Q0002407,Web,Shipping,C-Level,Netherlands,80,4462000.0,Professionnel,2025-01-27,0
00Q0002408,Web,Apparel,Individual Contributor,Netherlands,98,7955000.0,Personnel,2024-11-30,0
00Q0002409,Employee Referral,Technology,VP,India,38,2868000.0,Professionnel,2025-06-05,1
00Q0002410,Cold Call,Technology,Director,USA,35,3502000.0,Professionnel,2025-07-18,0
00Q0002411,Social Media,Technology,Manager,Canada,221,8119000.0,Professionnel,2025-05-04,1
00Q0002412,Employee Referral,Chemicals,Director,Germany,4,109000.0,Personnel,2026-07-28,0
00Q0002413,Webinar,Technology,Director,UAE,502,25383000.0,Professionnel,2024-12-09,1
00Q0002414,Partner Referral,Banking,Individual Contributor,UK,160,8099000.0,Professionnel,2025-01-04,1
00Q0002415,Partner Referral,Utilities,Individual Contributor,USA,41,1625000.0,Professionnel,2025-04-05,0
00Q0002416,Employee Referral,Consulting,Director,USA,3403,224128000.0,Professionnel,2024-11-04,1
00Q0002417,Email Campaign,Banking,Director,USA,111,11478000.0,Professionnel,2025-01-29,1
00Q0002418,Partner Referral,Technology,Director,USA,52,2165000.0,Personnel,2025-07-22,1
00Q0002419,Cold Call,Manufacturing,Senior Manager,France,1139,98559000.0,Personnel,2025-04-10,0
00Q0002420,Purchased List,Media,Individual Contributor,India,107,19843000.0,Professionnel,2025-08-19,0
00Q0002421,Trade Show,Technology,VP,USA,128,14146000.0,Personnel,2026-05-24,0
00Q0002422,Email Campaign,Banking,Director,France,267,6860000.0,Professionnel,2026-03-27,1
00Q0002423,Cold Call,Retail,Intern,France,424,60630000.0,Professionnel,2026-01-12,0
00Q0002424,Web,Food & Beverage,Manager,Spain,17,956000.0,Professionnel,2025-08-19,0
00Q0002425,Email Campaign,Healthcare,Intern,Canada,138,40823000.0,Professionnel,2025-08-09,0
00Q0002426,Social Media,Technology,Director,USA,88,2383000.0,Professionnel,2025-11-22,0
00Q0002427,Partner Referral,Environmental,Manager,Italy,486,41843000.0,Professionnel,2025-07-02,0
00Q0002428,Phone Inquiry,Telecommunications,Team Lead,USA,116,5439000.0,Personnel,2024-09-17,0
00Q0002429,Web,Engineering,Manager,Morocco,857,169164000.0,Personnel,2024-12-15,1
00Q0002430,Phone Inquiry,Electronics,Team Lead,Canada,328,11016000.0,Professionnel,2025-02-02,0
00Q0002431,Cold Call,Agriculture,C-Level,UK,50,2890000.0,Professionnel,2025-05-25,1
00Q0002432,Trade Show,Recreation,Director,France,450,70023000.0,Personnel,2025-01-01,0
00Q0002433,Purchased List,Hospitality,Senior Manager,USA,100,3907000.0,Professionnel,2025-12-28,0
00Q0002434,Employee Referral,Media,Senior Manager,UAE,118,5840000.0,Professionnel,2025-01-30,1
00Q0002435,Phone Inquiry,Hospitality,Team Lead,USA,67,2372000.0,Personnel,2025-07-05,0
00Q0002436,Web,Banking,Manager,Canada,180,10586000.0,Personnel,2026-04-25,0
00Q0002437,Purchased List,Environmental,Individual Contributor,Italy,216,17485000.0,Professionnel,2026-06-27,0
00Q0002438,Social Media,Healthcare,Director,Italy,110,12749000.0,Professionnel,2024-10-19,0
00Q0002439,Web,Construction,Intern,France,508,51565000.0,Personnel,2026-07-07,0
00Q0002440,Webinar,Construction,Senior Manager,Netherlands,90,1259000.0,Personnel,2025-10-10,0
00Q0002441,Advertisement,Recreation,Director,UK,91,7358000.0,Personnel,2026-06-15,0
00Q0002442,Web,Technology,Manager,Germany,381,21599000.0,Personnel,2026-03-05,1
00Q0002443,Web,Technology,Senior Manager,Belgium,32,1905000.0,Professionnel,2025-11-09,0
00Q0002444,Partner Referral,Technology,Manager,India,42,1952000.0,Personnel,2025-02-10,0
00Q0002445,Public Relations,Chemicals,Manager,Spain,125,6723000.0,Professionnel,2026-07-01,0
00Q0002446,Social Media,Finance,Manager,Canada,137,8061000.0,Professionnel,2025-09-03,0
00Q0002447,Phone Inquiry,Consulting,VP,France,106,8837000.0,Personnel,2026-08-06,0
00Q0002448,Webinar,Consulting,Team Lead,France,19,941000.0,Personnel,2024-11-26,0
00Q0002449,Partner Referral,Consulting,Senior Manager,France,65,4961000.0,Professionnel,2026-05-31,1
00Q0002450,Web,Machinery,Individual Contributor,Germany,173,10999000.0,Personnel,2026-04-27,0
00Q0002451,Email Campaign,Technology,Intern,Spain,158,4171000.0,Professionnel,2025-07-14,0
00Q0002452,Email Campaign,Manufacturing,Team Lead,Canada,20,1058000.0,Professionnel,2024-10-14,0
00Q0002453,Advertisement,Insurance,Manager,India,14,873000.0,Professionnel,2025-05-26,0
00Q0002454,Web,Hospitality,Senior Manager,Spain,955,54217000.0,Personnel,2025-12-08,0
00Q0002455,Web,Environmental,Intern,India,44,2013000.0,Personnel,2025-12-05,0
00Q0002456,Web,Healthcare,Individual Contributor,India,72,776000.0,Professionnel,2025-07-01,0
00Q0002457,Partner Referral,Food & Beverage,Team Lead,Canada,83,4188000.0,Professionnel,2026-04-10,1
00Q0002458,Social Media,Media,Senior Manager,Italy,259,31916000.0,Professionnel,2024-12-28,0
00Q0002459,Web,Manufacturing,Manager,France,302,26343000.0,Personnel,2025-02-07,0
00Q0002460,Phone Inquiry,Banking,Individual Contributor,UAE,221,5225000.0,Personnel,2025-11-26,0
00Q0002461,Web,Banking,Individual Contributor,UK,194,10011000.0,Personnel,2026-07-21,0
00Q0002462,Partner Referral,Manufacturing,Senior Manager,Belgium,294,11980000.0,Professionnel,2024-10-12,1
00Q0002463,Advertisement,Technology,C-Level,USA,59,1184000.0,Personnel,2026-08-21,0
00Q0002464,Cold Call,Healthcare,Director,Belgium,136,12863000.0,Professionnel,2026-07-02,0
00Q0002465,Webinar,Retail,Individual Contributor,USA,8,1005000.0,Personnel,2025-10-29,0
00Q0002466,Webinar,Technology,Senior Manager,Italy,242,19991000.0,Personnel,2025-07-21,0
00Q0002467,Employee Referral,Telecommunications,Senior Manager,Germany,552,15500000.0,Personnel,2024-12-17,0
00Q0002468,Purchased List,Not For Profit,Individual Contributor,Spain,37,1093000.0,Professionnel,2025-09-26,0
00Q0002469,Public Relations,Insurance,Manager,Belgium,95,13575000.0,Professionnel,2025-04-26,0
00Q0002470,Partner Referral,Healthcare,Team Lead,UK,78,1436000.0,Professionnel,2026-05-06,0
00Q0002471,Web,Technology,Manager,Belgium,109,7162000.0,Professionnel,2026-07-25,0
00Q0002472,Purchased List,Finance,Individual Contributor,India,52,2484000.0,Personnel,2025-04-27,0
00Q0002473,Public Relations,Construction,VP,Spain,285,13472000.0,Professionnel,2025-09-20,1
00Q0002474,Trade Show,Manufacturing,Director,Canada,621,146662000.0,Professionnel,2025-06-24,1
00Q0002475,Social Media,Hospitality,Intern,Spain,10,858000.0,Professionnel,2024-11-22,0
00Q0002476,Purchased List,Biotechnology,Director,UAE,236,25829000.0,Professionnel,2026-04-12,0
00Q0002477,Advertisement,Machinery,Team Lead,France,755,64166000.0,Personnel,2025-01-06,0
00Q0002478,Social Media,Government,Individual Contributor,Italy,91,5103000.0,Professionnel,2024-09-21,0
00Q0002479,Public Relations,Food & Beverage,Senior Manager,USA,44,1413000.0,Professionnel,2025-12-14,0
00Q0002480,Web,Retail,C-Level,USA,43,1573000.0,Professionnel,2025-04-19,1
00Q0002481,Trade Show,Retail,Individual Contributor,UK,160,8949000.0,Personnel,2025-10-06,0
00Q0002482,Advertisement,Finance,Individual Contributor,Italy,518,44944000.0,Professionnel,2025-10-27,0
00Q0002483,Web,Technology,Manager,UK,20,2314000.0,Professionnel,2025-09-30,0
00Q0002484,Employee Referral,Environmental,Team Lead,Morocco,27,1928000.0,Personnel,2025-04-01,1
00Q0002485,Web,Biotechnology,Manager,USA,88,4328000.0,Personnel,2025-09-18,0
00Q0002486,Cold Call,Energy,Intern,Belgium,504,24074000.0,Personnel,2026-06-02,0
00Q0002487,Trade Show,Electronics,Team Lead,UK,3,429000.0,Professionnel,2025-08-31,0
00Q0002488,Phone Inquiry,Agriculture,Team Lead,Germany,61,5188000.0,Professionnel,2026-03-17,0
00Q0002489,Web,Retail,C-Level,India,96,4324000.0,Professionnel,2024-12-21,1
00Q0002490,Web,Finance,C-Level,Morocco,15,2089000.0,Professionnel,2025-12-05,0
00Q0002491,Trade Show,Construction,VP,France,105,3558000.0,Professionnel,2026-09-12,1
00Q0002492,Employee Referral,Education,Manager,India,331,39041000.0,Professionnel,2024-10-24,1
00Q0002493,Advertisement,Government,Individual Contributor,USA,139,10303000.0,Personnel,2026-08-01,0
00Q0002494,Email Campaign,Retail,Individual Contributor,UAE,42,7688000.0,Professionnel,2025-02-07,0
00Q0002495,Trade Show,Hospitality,Individual Contributor,Canada,585,88078000.0,Personnel,2025-07-15,0
00Q0002496,Employee Referral,Electronics,Manager,Germany,57,2644000.0,Personnel,2026-07-24,1
00Q0002497,Purchased List,Technology,Intern,France,77,5498000.0,Personnel,2026-02-08,0
00Q0002498,Email Campaign,Banking,Director,India,346,9854000.0,Professionnel,2026-04-20,1
00Q0002499,Email Campaign,Machinery,Director,USA,32,1040000.0,Professionnel,2025-07-02,0
00Q0002500,Partner Referral,Construction,Senior Manager,USA,23,2345000.0,Professionnel,2025-02-05,1
00Q0002501,Web,Apparel,VP,UAE,316,18549000.0,Professionnel,2025-01-05,1
00Q0002502,Public Relations,Telecommunications,Manager,Canada,301,21607000.0,Professionnel,2025-06-30,1
00Q0002503,Purchased List,Utilities,VP,France,2,407000.0,Professionnel,2026-08-23,0
00Q0002504,Email Campaign,Healthcare,Manager,Morocco,22,1864000.0,Personnel,2025-11-05,0
00Q0002505,Email Campaign,Not For Profit,Individual Contributor,Netherlands,52,4508000.0,Personnel,2025-09-16,0
00Q0002506,Webinar,Transportation,Senior Manager,France,37,2222000.0,Professionnel,2025-11-24,0
00Q0002507,Trade Show,Technology,Director,USA,257,14595000.0,Personnel,2024-10-15,1
00Q0002508,Phone Inquiry,Communications,Team Lead,USA,126,8064000.0,Professionnel,2026-05-15,0
00Q0002509,Phone Inquiry,Transportation,Manager,Canada,264,36741000.0,Professionnel,2024-11-04,0
00Q0002510,Employee Referral,Electronics,Senior Manager,Morocco,41,2766000.0,Professionnel,2026-06-08,0
00Q0002511,Purchased List,Manufacturing,Manager,USA,62,3540000.0,Professionnel,2026-01-03,0
00Q0002512,Email Campaign,Technology,Senior Manager,France,201,17079000.0,Professionnel,2025-10-24,0
00Q0002513,Web,Not For Profit,Senior Manager,USA,136,6120000.0,Professionnel,2025-07-03,0
00Q0002514,Web,Chemicals,Director,Morocco,71,5532000.0,Personnel,2026-08-13,1
00Q0002515,Email Campaign,Chemicals,Manager,Canada,50,669000.0,Personnel,2026-05-29,0
00Q0002516,Phone Inquiry,Retail,Manager,France,27,1172000.0,Professionnel,2024-10-04,0
00Q0002517,Web,Insurance,Team Lead,USA,32,858000.0,Professionnel,2025-03-07,1
00Q0002518,Advertisement,Finance,Individual Contributor,Canada,51,2490000.0,Personnel,2026-01-07,0
00Q0002519,Employee Referral,Technology,Director,Germany,74,4092000.0,Professionnel,2024-10-19,1
00Q0002520,Trade Show,Manufacturing,Individual Contributor,India,164,6741000.0,Personnel,2026-03-29,0
00Q0002521,Email Campaign,Technology,Individual Contributor,USA,386,25911000.0,Professionnel,2025-01-05,0
00Q0002522,Social Media,Finance,Intern,Morocco,531,75073000.0,Personnel,2026-05-10,0
00Q0002523,Web,Healthcare,Intern,France,574,42095000.0,Personnel,2025-08-22,0
00Q0002524,Partner Referral,Insurance,Senior Manager,Spain,48,3434000.0,Professionnel,2024-10-23,0
00Q0002525,Webinar,Engineering,VP,France,25,697000.0,Professionnel,2025-01-16,1
00Q0002526,Phone Inquiry,Technology,Intern,Germany,29,747000.0,Professionnel,2025-05-06,0
00Q0002527,Web,Banking,Senior Manager,Italy,8,1358000.0,Personnel,2026-08-23,0
00Q0002528,Email Campaign,Retail,Individual Contributor,UK,80,1691000.0,Personnel,2026-01-13,0
00Q0002529,Partner Referral,Healthcare,Individual Contributor,France,36,1920000.0,Professionnel,2026-01-30,0
00Q0002530,Phone Inquiry,Food & Beverage,Team Lead,USA,27,1445000.0,Personnel,2025-01-31,0
00Q0002531,Web,Energy,Team Lead,India,37,6038000.0,Professionnel,2025-06-27,0
00Q0002532,Email Campaign,Biotechnology,Individual Contributor,Germany,56,2261000.0,Professionnel,2024-09-26,0
00Q0002533,Advertisement,Manufacturing,Manager,UAE,10,313000.0,Professionnel,2025-02-14,0
00Q0002534,Web,Shipping,Manager,Germany,187,17141000.0,Personnel,2026-03-20,1
00Q0002535,Phone Inquiry,Finance,Director,Spain,1669,65221000.0,Professionnel,2025-12-18,0
00Q0002536,Web,Technology,Team Lead,USA,73,1355000.0,Personnel,2024-09-23,0
00Q0002537,Email Campaign,Healthcare,Manager,USA,45,2855000.0,Professionnel,2025-06-18,0
00Q0002538,Advertisement,Retail,Manager,Netherlands,5,737000.0,Personnel,2026-02-13,0
00Q0002539,Partner Referral,Consulting,C-Level,France,47,2989000.0,Professionnel,2024-11-13,1
00Q0002540,Employee Referral,Entertainment,Senior Manager,Italy,133,26734000.0,Professionnel,2024-10-31,1
00Q0002541,Social Media,Insurance,Director,Spain,42,1974000.0,Personnel,2026-07-10,0
00Q0002542,Employee Referral,Food & Beverage,C-Level,Italy,44,1192000.0,Professionnel,2025-02-01,0
00Q0002543,Purchased List,Energy,VP,Germany,206,9769000.0,Personnel,2025-12-13,0
00Q0002544,Advertisement,Engineering,Director,Germany,324,27849000.0,Professionnel,2025-01-24,1
00Q0002545,Web,Energy,Director,Germany,73,6224000.0,Professionnel,2026-04-24,1
00Q0002546,Web,Agriculture,Team Lead,India,1289,87979000.0,Professionnel,2026-08-15,0
00Q0002547,Purchased List,Utilities,Team Lead,Canada,294,26206000.0,Professionnel,2025-03-08,0
00Q0002548,Cold Call,Manufacturing,Senior Manager,UK,45,2499000.0,Professionnel,2025-07-03,1
00Q0002549,Purchased List,Healthcare,Director,Italy,30,595000.0,Professionnel,2026-09-01,0
00Q0002550,Social Media,Food & Beverage,Senior Manager,Spain,192,8590000.0,Personnel,2026-02-14,0
00Q0002551,Phone Inquiry,Energy,Individual Contributor,India,119,5347000.0,Personnel,2024-10-21,0
00Q0002552,Web,Technology,Manager,UK,23,2616000.0,Personnel,2025-08-18,0
00Q0002553,Phone Inquiry,Banking,Individual Contributor,France,273,17053000.0,Personnel,2026-03-28,1
00Q0002554,Public Relations,Education,VP,Canada,535,36765000.0,Personnel,2024-12-20,0
00Q0002555,Employee Referral,Hospitality,Senior Manager,Morocco,15,2067000.0,Professionnel,2026-05-16,1
00Q0002556,Purchased List,Technology,Individual Contributor,Belgium,569,27679000.0,Professionnel,2025-01-01,1
00Q0002557,Trade Show,Manufacturing,Director,India,25,1300000.0,Professionnel,2026-01-14,1
00Q0002558,Trade Show,Finance,Director,USA,667,72432000.0,Professionnel,2026-09-13,0
00Q0002559,Web,Food & Beverage,Manager,France,86,1790000.0,Professionnel,2026-01-10,0
00Q0002560,Email Campaign,Manufacturing,Senior Manager,India,377,35227000.0,Personnel,2026-06-28,0
00Q0002561,Web,Recreation,Senior Manager,Canada,472,20523000.0,Personnel,2025-05-13,0
00Q0002562,Web,Communications,Individual Contributor,Netherlands,121,11893000.0,Professionnel,2025-05-11,0
00Q0002563,Trade Show,Biotechnology,Director,Netherlands,265,35930000.0,Personnel,2025-12-02,1
00Q0002564,Purchased List,Retail,Team Lead,France,38,3697000.0,Professionnel,2026-07-02,0
00Q0002565,Trade Show,Transportation,Director,India,129,4957000.0,Professionnel,2025-05-27,0
00Q0002566,Purchased List,Retail,Individual Contributor,India,26,1912000.0,Personnel,2025-08-03,0
00Q0002567,Web,Biotechnology,VP,Canada,42,2296000.0,Professionnel,2026-03-26,0
00Q0002568,Advertisement,Technology,Senior Manager,France,32,772000.0,Personnel,2026-07-17,0
00Q0002569,Web,Technology,Team Lead,USA,77,4589000.0,Professionnel,2025-05-02,1
00Q0002570,Partner Referral,Transportation,C-Level,UK,77,3697000.0,Personnel,2026-01-23,1
00Q0002571,Web,Manufacturing,VP,USA,273,17628000.0,Personnel,2026-01-19,0
00Q0002572,Trade Show,Manufacturing,Director,USA,34,1224000.0,Professionnel,2024-12-24,1
00Q0002573,Purchased List,Utilities,Individual Contributor,Germany,173,15736000.0,Personnel,2025-12-13,0
00Q0002574,Social Media,Education,Team Lead,USA,1231,85447000.0,Personnel,2025-12-31,0
00Q0002575,Employee Referral,Education,Individual Contributor,Germany,100,9842000.0,Professionnel,2024-10-06,1
00Q0002576,Purchased List,Healthcare,VP,UAE,38,889000.0,Professionnel,2026-06-13,0
00Q0002577,Purchased List,Retail,Manager,USA,33,2729000.0,Professionnel,2025-06-12,0
00Q0002578,Purchased List,Telecommunications,Manager,Italy,154,30028000.0,Professionnel,2026-03-15,0
00Q0002579,Trade Show,Retail,Individual Contributor,USA,80,1650000.0,Personnel,2024-10-17,0
00Q0002580,Partner Referral,Manufacturing,Manager,France,28,2073000.0,Professionnel,2025-03-25,0
00Q0002581,Web,Transportation,Manager,Morocco,16,1527000.0,Personnel,2025-01-08,0
00Q0002582,Email Campaign,Energy,VP,USA,662,27410000.0,Professionnel,2026-09-14,0
00Q0002583,Email Campaign,Communications,Director,Belgium,5,164000.0,Personnel,2025-12-30,0
00Q0002584,Phone Inquiry,Manufacturing,Team Lead,Spain,105,3976000.0,Professionnel,2025-12-09,1
00Q0002585,Advertisement,Telecommunications,Senior Manager,Netherlands,3,111000.0,Professionnel,2026-06-27,0
00Q0002586,Webinar,Media,Director,France,52,3601000.0,Personnel,2025-12-12,0
00Q0002587,Email Campaign,Energy,Individual Contributor,Morocco,90,2114000.0,Professionnel,2024-11-19,0
00Q0002588,Web,Telecommunications,Individual Contributor,UK,267,12895000.0,Professionnel,2024-11-20,0
00Q0002589,Public Relations,Technology,Senior Manager,India,435,10069000.0,Personnel,2026-08-22,0
00Q0002590,Partner Referral,Hospitality,Intern,Germany,29,3972000.0,Professionnel,2026-03-29,1
00Q0002591,Trade Show,Banking,Manager,France,45,1779000.0,Professionnel,2025-01-16,1
00Q0002592,Partner Referral,Education,Individual Contributor,France,354,17225000.0,Professionnel,2025-08-18,1
00Q0002593,Cold Call,Energy,Director,USA,333,24674000.0,Personnel,2025-04-12,0
00Q0002594,Social Media,Energy,Individual Contributor,Germany,292,27696000.0,Professionnel,2026-08-11,0
00Q0002595,Employee Referral,Media,Director,UK,244,10765000.0,Professionnel,2025-12-28,1
00Q0002596,Social Media,Banking,Intern,Canada,111,25434000.0,Personnel,2024-09-22,0
00Q0002597,Purchased List,Construction,Team Lead,Germany,81,4897000.0,Professionnel,2025-10-31,0
00Q0002598,Web,Construction,Manager,Spain,302,15927000.0,Personnel,2026-06-07,0
00Q0002599,Webinar,Entertainment,Manager,Spain,225,7401000.0,Personnel,2025-06-30,0
00Q0002600,Email Campaign,Manufacturing,Individual Contributor,France,76,5304000.0,Professionnel,2025-05-26,1
00Q0002601,Phone Inquiry,Retail,C-Level,Italy,90,3615000.0,Professionnel,2024-11-15,0
00Q0002602,Partner Referral,Manufacturing,Senior Manager,Italy,55,3645000.0,Professionnel,2026-01-21,1
00Q0002603,Email Campaign,Food & Beverage,Senior Manager,UAE,315,7979000.0,Personnel,2024-10-19,0
00Q0002604,Partner Referral,Retail,Individual Contributor,India,557,85357000.0,Personnel,2026-04-12,0
00Q0002605,Trade Show,Hospitality,Intern,France,1806,138933000.0,Professionnel,2025-12-11,0
00Q0002606,Social Media,Media,Senior Manager,USA,259,44860000.0,Professionnel,2026-07-18,0
00Q0002607,Purchased List,Healthcare,Individual Contributor,UK,26,2933000.0,Professionnel,2025-10-25,0
00Q0002608,Web,Retail,Manager,USA,143,11760000.0,Professionnel,2025-07-17,1
00Q0002609,Purchased List,Insurance,Manager,UK,66,2620000.0,Professionnel,2025-01-12,0
00Q0002610,Email Campaign,Technology,VP,Belgium,265,8809000.0,Professionnel,2024-09-19,0
00Q0002611,Phone Inquiry,Media,Individual Contributor,USA,26,1299000.0,Professionnel,2025-11-13,1
00Q0002612,Email Campaign,Technology,Director,Morocco,37,5555000.0,Personnel,2024-10-17,0
00Q0002613,Email Campaign,Finance,Individual Contributor,UK,45,2214000.0,Professionnel,2024-12-24,0
00Q0002614,Email Campaign,Retail,Team Lead,Germany,848,13264000.0,Personnel,2026-05-30,0
00Q0002615,Phone Inquiry,Government,Intern,France,259,10166000.0,Personnel,2026-06-25,0
00Q0002616,Web,Education,Team Lead,France,17,894000.0,Professionnel,2025-07-12,1
00Q0002617,Public Relations,Banking,Director,Canada,345,42348000.0,Professionnel,2026-01-10,0
00Q0002618,Social Media,Recreation,Senior Manager,Canada,113,4242000.0,Professionnel,2025-10-17,0
00Q0002619,Web,Banking,Intern,UK,39,1903000.0,Professionnel,2025-03-07,0
00Q0002620,Advertisement,Healthcare,Manager,Spain,581,20710000.0,Personnel,2025-08-20,0
00Q0002621,Phone Inquiry,Machinery,Individual Contributor,UK,180,15941000.0,Professionnel,2025-10-14,0
00Q0002622,Purchased List,Technology,Individual Contributor,Canada,82,6702000.0,Personnel,2025-08-29,0
00Q0002623,Web,Energy,Director,Canada,143,15434000.0,Professionnel,2024-09-19,1
00Q0002624,Trade Show,Retail,Team Lead,USA,138,2413000.0,Professionnel,2025-05-06,1
00Q0002625,Social Media,Entertainment,Individual Contributor,Spain,30,3076000.0,Personnel,2024-11-04,0
00Q0002626,Purchased List,Insurance,Senior Manager,Spain,345,10742000.0,Professionnel,2025-08-13,0
00Q0002627,Cold Call,Biotechnology,Manager,Spain,138,6875000.0,Professionnel,2025-11-13,0
00Q0002628,Web,Recreation,Director,Germany,72,4823000.0,Professionnel,2025-07-21,1
00Q0002629,Advertisement,Education,Manager,Netherlands,93,6266000.0,Professionnel,2026-04-22,0
00Q0002630,Purchased List,Hospitality,Manager,Germany,154,23235000.0,Professionnel,2025-03-28,0
00Q0002631,Web,Manufacturing,Manager,USA,11,483000.0,Professionnel,2026-03-14,0
00Q0002632,Employee Referral,Communications,Individual Contributor,USA,28,2299000.0,Professionnel,2025-05-06,1
00Q0002633,Web,Technology,Director,Morocco,292,7509000.0,Professionnel,2026-04-17,0
00Q0002634,Purchased List,Chemicals,C-Level,France,253,10756000.0,Professionnel,2025-01-03,1
00Q0002635,Web,Education,Individual Contributor,India,230,9318000.0,Professionnel,2025-03-30,0
00Q0002636,Web,Insurance,Individual Contributor,USA,190,33692000.0,Personnel,2026-06-27,1
00Q0002637,Advertisement,Biotechnology,Director,Germany,355,12565000.0,Professionnel,2026-04-28,1
00Q0002638,Social Media,Finance,Manager,Morocco,136,13504000.0,Personnel,2026-08-18,0
00Q0002639,Trade Show,Healthcare,C-Level,USA,52,1739000.0,Professionnel,2025-10-18,1
00Q0002640,Social Media,Consulting,Director,Germany,216,19945000.0,Personnel,2026-08-17,0
00Q0002641,Partner Referral,Consulting,VP,Germany,32,673000.0,Professionnel,2024-10-12,1
00Q0002642,Web,Food & Beverage,Director,Netherlands,2115,84151000.0,Professionnel,2025-02-26,0
00Q0002643,Cold Call,Banking,Manager,USA,342,25352000.0,Professionnel,2025-01-12,1
00Q0002644,Trade Show,Banking,Team Lead,Morocco,182,7079000.0,Professionnel,2025-12-17,0
00Q0002645,Partner Referral,Banking,Individual Contributor,Canada,3720,371597000.0,Personnel,2024-11-15,1
00Q0002646,Web,Engineering,Individual Contributor,Spain,225,3345000.0,Professionnel,2025-11-18,0
00Q0002647,Partner Referral,Manufacturing,Individual Contributor,India,64,5170000.0,Professionnel,2025-06-27,0
00Q0002648,Webinar,Insurance,Director,USA,272,8362000.0,Professionnel,2025-08-04,0
00Q0002649,Web,Manufacturing,Manager,France,115,7717000.0,Professionnel,2025-06-04,0
00Q0002650,Web,Hospitality,Manager,Morocco,9,876000.0,Professionnel,2026-07-11,0
00Q0002651,Partner Referral,Consulting,Manager,USA,137,14483000.0,Personnel,2025-08-29,0
00Q0002652,Trade Show,Consulting,VP,France,13,1601000.0,Professionnel,2026-03-03,1
00Q0002653,Public Relations,Technology,Senior Manager,India,37,1869000.0,Professionnel,2026-01-14,0
00Q0002654,Email Campaign,Government,Manager,UK,12,637000.0,Personnel,2025-04-15,0
00Q0002655,Web,Recreation,Team Lead,India,19,1402000.0,Personnel,2026-08-07,0
00Q0002656,Phone Inquiry,Healthcare,Manager,France,71,7805000.0,Professionnel,2024-09-21,0
00Q0002657,Partner Referral,Construction,Manager,UK,123,8303000.0,Professionnel,2025-03-23,1
00Q0002658,Web,Machinery,Team Lead,USA,101,8716000.0,Professionnel,2026-06-03,0
00Q0002659,Purchased List,Energy,Individual Contributor,USA,110,7171000.0,Professionnel,2025-02-16,0
00Q0002660,Employee Referral,Education,Intern,Morocco,176,12936000.0,Personnel,2025-05-26,0
00Q0002661,Trade Show,Communications,Manager,UK,27,3158000.0,Professionnel,2025-02-17,1
00Q0002662,Advertisement,Energy,Individual Contributor,Italy,266,10566000.0,Personnel,2025-02-12,0
00Q0002663,Phone Inquiry,Electronics,Director,Italy,45,7413000.0,Professionnel,2026-05-20,0
00Q0002664,Web,Not For Profit,Individual Contributor,Canada,15,644000.0,Professionnel,2025-01-18,1
00Q0002665,Purchased List,Hospitality,Director,Canada,4549,202929000.0,Professionnel,2025-09-16,1
00Q0002666,Web,Hospitality,Manager,India,66,3865000.0,Professionnel,2024-11-28,0
00Q0002667,Webinar,Healthcare,Manager,Spain,4,232000.0,Professionnel,2024-10-06,0
00Q0002668,Web,Education,Individual Contributor,Germany,8,976000.0,Personnel,2025-10-22,0
00Q0002669,Purchased List,Manufacturing,Senior Manager,Morocco,64,2738000.0,Personnel,2026-01-23,0
00Q0002670,Web,Construction,Director,Spain,88,3532000.0,Personnel,2025-03-22,1
00Q0002671,Web,Shipping,Senior Manager,Spain,54,1697000.0,Professionnel,2025-07-06,0
00Q0002672,Trade Show,Environmental,Director,Spain,37,1148000.0,Professionnel,2025-11-14,0
00Q0002673,Employee Referral,Telecommunications,C-Level,Germany,324,18185000.0,Personnel,2026-05-04,1
00Q0002674,Public Relations,Government,Individual Contributor,Morocco,79,9270000.0,Professionnel,2026-04-06,1
00Q0002675,Advertisement,Banking,Manager,Morocco,35,2410000.0,Personnel,2025-09-30,0
00Q0002676,Web,Transportation,Intern,USA,20,2078000.0,Personnel,2024-12-31,0
00Q0002677,Social Media,Technology,Manager,France,151,7620000.0,Personnel,2026-01-04,0
00Q0002678,Web,Food & Beverage,VP,USA,10,283000.0,Professionnel,2026-01-16,0
00Q0002679,Web,Communications,Manager,Spain,36,2074000.0,Professionnel,2024-12-29,0
00Q0002680,Web,Finance,Individual Contributor,Italy,63,7453000.0,Personnel,2024-11-17,0
00Q0002681,Purchased List,Entertainment,Manager,USA,57,2007000.0,Professionnel,2024-10-21,0
00Q0002682,Employee Referral,Shipping,Team Lead,Morocco,501,13122000.0,Personnel,2025-11-25,1
00Q0002683,Purchased List,Technology,Individual Contributor,Canada,109,4018000.0,Professionnel,2026-04-15,0
00Q0002684,Trade Show,Energy,Manager,India,148,38518000.0,Personnel,2025-12-03,1
00Q0002685,Partner Referral,Healthcare,C-Level,Germany,38,6304000.0,Professionnel,2025-10-27,1
00Q0002686,Web,Healthcare,Manager,USA,65,4231000.0,Personnel,2024-12-07,0
00Q0002687,Trade Show,Energy,Manager,Germany,1154,40466000.0,Professionnel,2025-07-16,0
00Q0002688,Web,Technology,Manager,UK,96,2882000.0,Personnel,2025-12-07,0
00Q0002689,Trade Show,Manufacturing,Team Lead,Netherlands,6,643000.0,Personnel,2025-03-29,1
00Q0002690,Cold Call,Energy,Team Lead,Netherlands,398,20409000.0,Personnel,2026-08-22,0
00Q0002691,Purchased List,Hospitality,Senior Manager,Spain,41,1725000.0,Personnel,2025-12-31,0
00Q0002692,Web,Technology,Individual Contributor,UK,181,11561000.0,Personnel,2025-02-02,0
00Q0002693,Purchased List,Retail,Individual Contributor,Morocco,128,6474000.0,Professionnel,2025-08-12,0
00Q0002694,Web,Hospitality,Manager,USA,61,3026000.0,Personnel,2024-09-18,0
00Q0002695,Webinar,Banking,Director,India,28,1063000.0,Professionnel,2026-04-15,1
00Q0002696,Web,Transportation,Individual Contributor,Spain,16,793000.0,Professionnel,2025-12-19,1
00Q0002697,Trade Show,Technology,Senior Manager,USA,68,1594000.0,Personnel,2026-05-09,0
00Q0002698,Trade Show,Engineering,Director,USA,196,39508000.0,Personnel,2025-10-10,1
00Q0002699,Web,Technology,Director,India,147,5839000.0,Personnel,2025-02-13,0
00Q0002700,Employee Referral,Government,Manager,USA,36,3129000.0,Professionnel,2025-03-24,1
00Q0002701,Phone Inquiry,Retail,Manager,UK,23,3806000.0,Personnel,2025-05-24,0
00Q0002702,Advertisement,Construction,Senior Manager,France,94,7032000.0,Personnel,2025-03-20,0
00Q0002703,Web,Recreation,Manager,France,15,1367000.0,Personnel,2025-08-31,0
00Q0002704,Social Media,Biotechnology,Director,France,29,1679000.0,Professionnel,2025-12-24,0
00Q0002705,Webinar,Manufacturing,Manager,USA,514,43140000.0,Professionnel,2024-12-17,0
00Q0002706,Social Media,Technology,Senior Manager,Italy,15,1006000.0,Professionnel,2024-09-26,0
00Q0002707,Email Campaign,Technology,Intern,UK,22,1196000.0,Professionnel,2025-01-23,0
00Q0002708,Phone Inquiry,Manufacturing,Individual Contributor,USA,8,212000.0,Professionnel,2025-06-13,1
00Q0002709,Email Campaign,Insurance,Team Lead,France,43,896000.0,Personnel,2026-06-11,1
00Q0002710,Email Campaign,Chemicals,Individual Contributor,UK,29,1298000.0,Professionnel,2024-09-17,0
00Q0002711,Employee Referral,Healthcare,VP,USA,975,31897000.0,Professionnel,2026-01-23,1
00Q0002712,Purchased List,Technology,Intern,Netherlands,447,15551000.0,Professionnel,2026-04-07,0
00Q0002713,Phone Inquiry,Apparel,Manager,Germany,415,51514000.0,Personnel,2026-04-02,0
00Q0002714,Social Media,Finance,Team Lead,USA,139,11759000.0,Personnel,2025-10-10,0
00Q0002715,Social Media,Education,Team Lead,France,22,1050000.0,Professionnel,2025-05-01,0
00Q0002716,Web,Education,Intern,USA,13,698000.0,Personnel,2026-05-15,0
00Q0002717,Webinar,Healthcare,Manager,USA,41,1148000.0,Personnel,2025-10-14,0
00Q0002718,Employee Referral,Electronics,Senior Manager,France,172,23652000.0,Professionnel,2025-07-24,0
00Q0002719,Partner Referral,Communications,Team Lead,USA,74,4355000.0,Professionnel,2024-09-30,0
00Q0002720,Web,Manufacturing,Individual Contributor,USA,241,21403000.0,Professionnel,2025-10-21,1
00Q0002721,Purchased List,Retail,Individual Contributor,USA,22,936000.0,Personnel,2025-04-29,0
00Q0002722,Web,Entertainment,Individual Contributor,USA,22,1244000.0,Professionnel,2025-10-19,0
00Q0002723,Social Media,Education,Director,France,21,1073000.0,Personnel,2026-03-30,0
00Q0002724,Web,Healthcare,Individual Contributor,India,50,1469000.0,Professionnel,2025-07-16,0
00Q0002725,Partner Referral,Media,Director,UAE,15,264000.0,Professionnel,2024-09-28,1
00Q0002726,Cold Call,Healthcare,C-Level,USA,235,24852000.0,Professionnel,2025-07-29,0
00Q0002727,Public Relations,Utilities,Manager,Morocco,270,13122000.0,Professionnel,2026-01-31,1
00Q0002728,Web,Healthcare,Director,USA,100,6355000.0,Personnel,2025-04-04,0
00Q0002729,Web,Education,Intern,France,108,4911000.0,Professionnel,2025-10-30,0
00Q0002730,Phone Inquiry,Retail,Director,India,89,3958000.0,Professionnel,2025-12-18,0
00Q0002731,Partner Referral,Technology,Manager,USA,107,7492000.0,Personnel,2026-01-08,0
00Q0002732,Partner Referral,Technology,Intern,Morocco,404,28574000.0,Professionnel,2025-01-23,1
00Q0002733,Email Campaign,Education,VP,France,516,74536000.0,Professionnel,2026-02-27,1
00Q0002734,Webinar,Machinery,Individual Contributor,USA,297,14565000.0,Professionnel,2024-10-26,0
00Q0002735,Trade Show,Banking,Individual Contributor,UK,14,319000.0,Professionnel,2024-12-26,0
00Q0002736,Social Media,Machinery,Manager,UK,143,10830000.0,Personnel,2026-05-18,0
00Q0002737,Partner Referral,Media,Intern,USA,94,6095000.0,Professionnel,2026-09-05,0
00Q0002738,Phone Inquiry,Apparel,Manager,Italy,524,57879000.0,Personnel,2024-09-20,0
00Q0002739,Advertisement,Transportation,Manager,Belgium,116,9677000.0,Professionnel,2024-09-25,1
00Q0002740,Trade Show,Government,Senior Manager,USA,22,3053000.0,Personnel,2025-12-22,0
00Q0002741,Public Relations,Entertainment,Individual Contributor,Morocco,176,9357000.0,Personnel,2025-04-28,0
00Q0002742,Advertisement,Manufacturing,Team Lead,Morocco,468,46948000.0,Personnel,2025-02-11,0
00Q0002743,Employee Referral,Machinery,Team Lead,Germany,254,16908000.0,Professionnel,2026-03-11,1
00Q0002744,Advertisement,Entertainment,Director,France,409,13967000.0,Professionnel,2026-09-04,1
00Q0002745,Purchased List,Biotechnology,Individual Contributor,USA,5,230000.0,Professionnel,2025-04-08,0
00Q0002746,Employee Referral,Retail,Manager,Canada,70,3598000.0,Professionnel,2025-01-13,1
00Q0002747,Webinar,Not For Profit,Intern,India,326,13459000.0,Professionnel,2024-12-29,0
00Q0002748,Purchased List,Government,C-Level,USA,77,2125000.0,Professionnel,2025-06-09,1
00Q0002749,Advertisement,Banking,Intern,Netherlands,461,30515000.0,Professionnel,2025-09-09,0
00Q0002750,Web,Telecommunications,Individual Contributor,Spain,48,3908000.0,Professionnel,2024-09-30,0
00Q0002751,Advertisement,Hospitality,Team Lead,USA,402,22781000.0,Professionnel,2024-11-25,0
00Q0002752,Webinar,Media,Manager,Canada,40,12069000.0,Professionnel,2026-08-30,0
00Q0002753,Purchased List,Finance,Manager,France,34,1392000.0,Personnel,2025-05-17,0
00Q0002754,Purchased List,Education,VP,Canada,188,18145000.0,Professionnel,2025-12-03,0
00Q0002755,Webinar,Chemicals,Senior Manager,France,247,16141000.0,Professionnel,2026-09-01,0
00Q0002756,Partner Referral,Hospitality,VP,Morocco,254,16783000.0,Professionnel,2025-01-17,1
00Q0002757,Partner Referral,Technology,Manager,Canada,137,3873000.0,Professionnel,2025-10-28,0
00Q0002758,Webinar,Insurance,Individual Contributor,UK,120,11342000.0,Professionnel,2024-11-06,0
00Q0002759,Partner Referral,Food & Beverage,Director,India,26,1902000.0,Professionnel,2024-12-04,1
00Q0002760,Purchased List,Insurance,Manager,USA,153,5741000.0,Professionnel,2025-12-04,0
00Q0002761,Trade Show,Retail,Individual Contributor,USA,18,1654000.0,Personnel,2025-02-27,0
00Q0002762,Social Media,Media,Manager,Morocco,156,12987000.0,Professionnel,2025-04-19,0
00Q0002763,Employee Referral,Technology,Team Lead,Canada,55,4659000.0,Professionnel,2024-10-01,1
00Q0002764,Web,Retail,Individual Contributor,UAE,326,11894000.0,Personnel,2025-12-12,0
00Q0002765,Web,Technology,Intern,USA,530,40368000.0,Professionnel,2025-04-07,1
00Q0002766,Partner Referral,Utilities,Manager,Canada,66,6545000.0,Personnel,2026-01-20,0
00Q0002767,Partner Referral,Media,Manager,USA,324,19027000.0,Personnel,2026-09-08,1
00Q0002768,Trade Show,Consulting,Senior Manager,Morocco,962,79691000.0,Personnel,2025-02-04,1
00Q0002769,Purchased List,Hospitality,Director,Spain,88,4641000.0,Personnel,2026-06-17,0
00Q0002770,Employee Referral,Retail,Senior Manager,UK,54,4979000.0,Personnel,2025-02-08,0
00Q0002771,Social Media,Engineering,Senior Manager,Canada,454,9311000.0,Personnel,2025-11-17,0
00Q0002772,Employee Referral,Shipping,Director,Germany,139,11369000.0,Professionnel,2024-11-14,1
00Q0002773,Employee Referral,Agriculture,Director,USA,64,1908000.0,Professionnel,2025-10-08,1
00Q0002774,Social Media,Technology,Senior Manager,UAE,41,2174000.0,Professionnel,2024-09-18,0
00Q0002775,Email Campaign,Food & Beverage,Manager,Germany,689,48855000.0,Professionnel,2024-12-13,0
00Q0002776,Public Relations,Technology,VP,USA,70,2068000.0,Professionnel,2025-01-27,0
00Q0002777,Web,Media,Manager,USA,115,4287000.0,Personnel,2025-05-16,0
00Q0002778,Phone Inquiry,Hospitality,Individual Contributor,France,51,2932000.0,Professionnel,2026-07-14,0
00Q0002779,Webinar,Hospitality,Manager,Canada,96,7065000.0,Personnel,2025-09-21,0
00Q0002780,Advertisement,Healthcare,Manager,USA,36,679000.0,Professionnel,2026-05-08,1
00Q0002781,Webinar,Manufacturing,Director,Netherlands,447,38785000.0,Professionnel,2026-02-01,1
00Q0002782,Employee Referral,Consulting,Director,UK,89,9948000.0,Personnel,2024-11-22,1
00Q0002783,Cold Call,Apparel,Team Lead,USA,41,4218000.0,Personnel,2026-05-15,0
00Q0002784,Webinar,Hospitality,Senior Manager,USA,580,30051000.0,Personnel,2025-09-23,1
00Q0002785,Purchased List,Technology,Director,UK,132,7690000.0,Personnel,2026-01-01,0
00Q0002786,Webinar,Banking,Director,France,108,3877000.0,Professionnel,2025-08-16,0
00Q0002787,Web,Shipping,Senior Manager,USA,58,7572000.0,Personnel,2025-04-21,0
00Q0002788,Phone Inquiry,Healthcare,Team Lead,France,89,4011000.0,Professionnel,2025-01-11,0
00Q0002789,Purchased List,Banking,Intern,Morocco,868,43174000.0,Professionnel,2025-01-24,0
00Q0002790,Phone Inquiry,Education,Manager,France,142,8036000.0,Professionnel,2025-09-09,0
00Q0002791,Webinar,Energy,Senior Manager,France,168,12909000.0,Professionnel,2026-05-25,0
00Q0002792,Purchased List,Consulting,Director,Germany,16,1613000.0,Professionnel,2026-01-04,0
00Q0002793,Social Media,Consulting,Manager,Germany,76,12000000.0,Personnel,2025-02-18,0
00Q0002794,Email Campaign,Healthcare,C-Level,France,244,52296000.0,Professionnel,2026-08-19,1
00Q0002795,Partner Referral,Finance,Manager,Netherlands,105,4122000.0,Professionnel,2025-12-08,0
00Q0002796,Webinar,Hospitality,Senior Manager,USA,2,79000.0,Personnel,2026-07-23,0
00Q0002797,Web,Manufacturing,C-Level,UK,144,4899000.0,Professionnel,2024-09-27,1
00Q0002798,Webinar,Communications,Manager,India,197,12168000.0,Professionnel,2024-09-29,0
00Q0002799,Employee Referral,Biotechnology,Team Lead,India,15,917000.0,Professionnel,2025-08-19,1
00Q0002800,Web,Manufacturing,Individual Contributor,UAE,50,2088000.0,Professionnel,2024-09-26,0
00Q0002801,Phone Inquiry,Banking,Senior Manager,France,75,4003000.0,Professionnel,2025-09-29,0
00Q0002802,Social Media,Apparel,Individual Contributor,Morocco,46,1241000.0,Professionnel,2025-03-02,0
00Q0002803,Advertisement,Healthcare,Manager,Canada,292,38817000.0,Personnel,2025-04-17,0
00Q0002804,Purchased List,Education,Director,Germany,809,28238000.0,Professionnel,2024-12-15,0
00Q0002805,Purchased List,Healthcare,Manager,UK,456,23250000.0,Professionnel,2026-05-09,0
00Q0002806,Trade Show,Electronics,Individual Contributor,USA,220,28849000.0,Professionnel,2025-06-14,1
00Q0002807,Web,Technology,Intern,Morocco,15,879000.0,Personnel,2024-10-12,0
00Q0002808,Email Campaign,Education,Director,UK,68,7021000.0,Personnel,2025-04-07,0
00Q0002809,Public Relations,Hospitality,Senior Manager,USA,58,7612000.0,Professionnel,2026-01-11,1
00Q0002810,Social Media,Hospitality,Team Lead,Spain,176,21124000.0,Professionnel,2024-10-13,0
00Q0002811,Webinar,Food & Beverage,Team Lead,USA,49,2740000.0,Professionnel,2025-11-23,1
00Q0002812,Public Relations,Utilities,Senior Manager,France,52,4330000.0,Professionnel,2025-05-27,0
00Q0002813,Cold Call,Technology,Team Lead,USA,54,1767000.0,Professionnel,2025-08-22,0
00Q0002814,Purchased List,Retail,Team Lead,USA,158,6140000.0,Professionnel,2024-11-30,0
00Q0002815,Advertisement,Hospitality,Individual Contributor,Germany,422,29624000.0,Professionnel,2025-06-27,0
00Q0002816,Partner Referral,Healthcare,Manager,Spain,260,17338000.0,Professionnel,2026-04-02,1
00Q0002817,Advertisement,Not For Profit,Manager,France,19,1437000.0,Professionnel,2024-12-29,0
00Q0002818,Purchased List,Banking,Intern,UAE,837,36625000.0,Personnel,2024-09-20,0
00Q0002819,Employee Referral,Hospitality,VP,Germany,54,4791000.0,Professionnel,2025-02-05,0
00Q0002820,Employee Referral,Retail,Director,USA,24,2431000.0,Professionnel,2025-11-20,1
00Q0002821,Phone Inquiry,Retail,Manager,Germany,424,13439000.0,Professionnel,2025-09-25,0
00Q0002822,Phone Inquiry,Technology,VP,Germany,1209,166285000.0,Personnel,2025-05-05,1
00Q0002823,Web,Banking,Manager,India,1197,37901000.0,Professionnel,2025-07-10,1
00Q0002824,Employee Referral,Education,Senior Manager,France,29,560000.0,Professionnel,2026-06-02,1
00Q0002825,Advertisement,Engineering,Individual Contributor,USA,417,35933000.0,Professionnel,2026-06-21,0
00Q0002826,Social Media,Chemicals,Manager,Germany,234,13640000.0,Professionnel,2026-03-08,1
00Q0002827,Advertisement,Healthcare,Senior Manager,Spain,22,986000.0,Professionnel,2024-11-11,0
00Q0002828,Partner Referral,Manufacturing,Manager,USA,290,9552000.0,Professionnel,2025-10-19,1
00Q0002829,Trade Show,Manufacturing,Individual Contributor,Belgium,37,639000.0,Professionnel,2026-09-08,0
00Q0002830,Advertisement,Telecommunications,Director,USA,51,7034000.0,Professionnel,2025-12-11,1
00Q0002831,Web,Consulting,Manager,France,261,8320000.0,Professionnel,2026-01-06,0
00Q0002832,Partner Referral,Insurance,Manager,USA,19,1706000.0,Professionnel,2024-12-27,1
00Q0002833,Phone Inquiry,Consulting,Team Lead,UK,78,2691000.0,Professionnel,2026-07-05,0
00Q0002834,Cold Call,Technology,Team Lead,USA,1703,83402000.0,Personnel,2025-01-07,0
00Q0002835,Webinar,Entertainment,Manager,Germany,40,1414000.0,Personnel,2024-09-19,0
00Q0002836,Email Campaign,Transportation,Manager,USA,116,4865000.0,Professionnel,2024-11-06,1
00Q0002837,Advertisement,Manufacturing,Director,USA,47,3437000.0,Personnel,2024-12-27,0
00Q0002838,Social Media,Construction,VP,Canada,122,3248000.0,Professionnel,2026-06-21,1
00Q0002839,Employee Referral,Agriculture,Director,USA,7,339000.0,Professionnel,2026-04-26,0
00Q0002840,Partner Referral,Apparel,Director,USA,86,4167000.0,Personnel,2026-01-10,0
00Q0002841,Web,Agriculture,Manager,France,87,3589000.0,Personnel,2026-07-14,0
00Q0002842,Trade Show,Electronics,Individual Contributor,USA,67,4256000.0,Professionnel,2025-08-13,1
00Q0002843,Web,Machinery,Director,UAE,21,949000.0,Professionnel,2024-12-23,1
00Q0002844,Purchased List,Insurance,Senior Manager,Germany,622,35448000.0,Personnel,2025-11-30,0
00Q0002845,Email Campaign,Retail,Individual Contributor,USA,118,4538000.0,Professionnel,2025-10-14,0
00Q0002846,Trade Show,Entertainment,Director,Canada,65,7922000.0,Professionnel,2025-11-18,0
00Q0002847,Trade Show,Consulting,VP,UK,61,1453000.0,Personnel,2025-09-13,0
00Q0002848,Phone Inquiry,Engineering,Senior Manager,Germany,219,7991000.0,Professionnel,2025-03-31,0
00Q0002849,Webinar,Communications,Manager,USA,55,3268000.0,Personnel,2025-04-24,0
00Q0002850,Cold Call,Not For Profit,C-Level,USA,77,5331000.0,Professionnel,2025-09-11,1
00Q0002851,Web,Shipping,Director,USA,66,3238000.0,Personnel,2024-10-24,0
00Q0002852,Web,Manufacturing,Individual Contributor,USA,275,20978000.0,Personnel,2025-12-09,1
00Q0002853,Partner Referral,Consulting,Team Lead,USA,102,2817000.0,Professionnel,2025-01-29,0
00Q0002854,Web,Engineering,Individual Contributor,France,170,7402000.0,Professionnel,2024-09-21,0
00Q0002855,Webinar,Banking,Director,USA,18,2414000.0,Professionnel,2025-05-22,0
00Q0002856,Trade Show,Communications,Senior Manager,Morocco,247,10496000.0,Professionnel,2025-11-20,1
00Q0002857,Social Media,Energy,Manager,Netherlands,13,777000.0,Professionnel,2025-04-28,0
00Q0002858,Trade Show,Recreation,Individual Contributor,Germany,165,8722000.0,Professionnel,2025-03-31,0
00Q0002859,Public Relations,Insurance,Intern,Belgium,418,10175000.0,Professionnel,2025-11-22,0
00Q0002860,Email Campaign,Environmental,Senior Manager,Germany,77,5764000.0,Professionnel,2025-05-24,1
00Q0002861,Web,Retail,Intern,USA,58,1931000.0,Professionnel,2025-12-31,0
00Q0002862,Advertisement,Media,Manager,USA,127,5204000.0,Professionnel,2025-04-01,0
00Q0002863,Phone Inquiry,Retail,Manager,USA,12,891000.0,Personnel,2025-10-28,0
00Q0002864,Phone Inquiry,Hospitality,Director,India,41,1474000.0,Professionnel,2025-12-05,0
00Q0002865,Web,Finance,Individual Contributor,Germany,50,2475000.0,Professionnel,2025-03-26,0
00Q0002866,Social Media,Technology,Team Lead,Germany,320,7397000.0,Personnel,2025-01-14,0
00Q0002867,Webinar,Finance,Individual Contributor,Spain,58,5007000.0,Professionnel,2026-03-09,1
00Q0002868,Purchased List,Agriculture,Team Lead,India,19,1646000.0,Personnel,2026-02-11,0
00Q0002869,Trade Show,Government,Team Lead,UK,279,4624000.0,Personnel,2025-03-10,0
00Q0002870,Phone Inquiry,Technology,Director,Canada,165,12933000.0,Professionnel,2025-03-27,0
00Q0002871,Social Media,Entertainment,Manager,Morocco,76,3160000.0,Professionnel,2024-11-16,0
00Q0002872,Social Media,Not For Profit,Individual Contributor,France,90,9274000.0,Professionnel,2024-11-05,0
00Q0002873,Trade Show,Education,Team Lead,Spain,84,8538000.0,Professionnel,2025-02-24,1
00Q0002874,Purchased List,Telecommunications,Manager,USA,111,3170000.0,Personnel,2026-04-14,0
00Q0002875,Web,Construction,Individual Contributor,USA,352,24930000.0,Professionnel,2024-12-06,0
00Q0002876,Cold Call,Hospitality,VP,UK,22,5332000.0,Professionnel,2025-03-21,1
00Q0002877,Web,Electronics,Director,France,137,16077000.0,Professionnel,2025-02-27,1
00Q0002878,Email Campaign,Machinery,Director,USA,42,8131000.0,Professionnel,2025-09-30,0
00Q0002879,Phone Inquiry,Media,Director,UK,25,570000.0,Professionnel,2026-04-23,1
00Q0002880,Trade Show,Retail,VP,Netherlands,297,13536000.0,Professionnel,2024-09-22,0
00Q0002881,Purchased List,Insurance,Individual Contributor,Canada,285,26251000.0,Personnel,2024-10-17,0
00Q0002882,Phone Inquiry,Transportation,VP,India,10,586000.0,Professionnel,2026-04-18,0
00Q0002883,Web,Banking,Intern,France,23,1039000.0,Personnel,2026-08-03,0
00Q0002884,Web,Entertainment,Individual Contributor,UK,213,16640000.0,Professionnel,2026-05-11,0
00Q0002885,Phone Inquiry,Technology,Manager,France,930,105653000.0,Professionnel,2026-06-02,0
00Q0002886,Advertisement,Insurance,Manager,Italy,121,25362000.0,Professionnel,2025-08-29,1
00Q0002887,Purchased List,Finance,Team Lead,India,268,26046000.0,Personnel,2026-01-08,0
00Q0002888,Advertisement,Construction,Manager,France,180,6542000.0,Professionnel,2026-07-17,0
00Q0002889,Web,Finance,Senior Manager,Canada,18,2033000.0,Personnel,2025-04-04,0
00Q0002890,Social Media,Retail,Individual Contributor,France,104,7634000.0,Personnel,2026-07-20,0
00Q0002891,Purchased List,Healthcare,Senior Manager,Netherlands,753,61565000.0,Professionnel,2025-09-02,0
00Q0002892,Advertisement,Finance,Individual Contributor,USA,239,6446000.0,Professionnel,2024-11-08,0
00Q0002893,Phone Inquiry,Technology,Manager,Germany,56,4061000.0,Personnel,2026-03-07,0
00Q0002894,Web,Technology,C-Level,India,82,2956000.0,Personnel,2025-01-31,0
00Q0002895,Partner Referral,Biotechnology,Individual Contributor,France,276,30496000.0,Personnel,2026-05-10,1
00Q0002896,Public Relations,Finance,Individual Contributor,India,232,31260000.0,Professionnel,2025-10-09,1
00Q0002897,Web,Finance,Team Lead,Canada,78,5930000.0,Personnel,2025-01-06,1
00Q0002898,Phone Inquiry,Education,Intern,Morocco,292,39746000.0,Personnel,2025-12-22,0
00Q0002899,Email Campaign,Media,Manager,Italy,19,974000.0,Personnel,2025-09-04,0
00Q0002900,Trade Show,Construction,Director,UAE,106,3313000.0,Professionnel,2025-10-29,1
00Q0002901,Web,Banking,Individual Contributor,India,135,8628000.0,Professionnel,2025-02-10,0
00Q0002902,Purchased List,Telecommunications,Director,Spain,93,7475000.0,Professionnel,2024-12-18,0
00Q0002903,Employee Referral,Retail,Manager,USA,67,10590000.0,Professionnel,2025-12-03,0
00Q0002904,Web,Media,Director,Italy,112,10036000.0,Professionnel,2025-04-16,0
00Q0002905,Partner Referral,Technology,Individual Contributor,India,103,7317000.0,Professionnel,2026-05-29,1
00Q0002906,Social Media,Communications,Team Lead,Belgium,89,4844000.0,Personnel,2025-05-10,0
00Q0002907,Web,Manufacturing,Intern,USA,2,151000.0,Professionnel,2025-05-22,0
00Q0002908,Purchased List,Machinery,Director,Canada,330,22603000.0,Personnel,2024-11-27,0
00Q0002909,Phone Inquiry,Insurance,Team Lead,Italy,97,7006000.0,Personnel,2024-10-20,1
00Q0002910,Email Campaign,Healthcare,Manager,UAE,180,7050000.0,Personnel,2025-12-19,1
00Q0002911,Web,Hospitality,Manager,Netherlands,161,6309000.0,Personnel,2025-02-01,0
00Q0002912,Advertisement,Consulting,Individual Contributor,Netherlands,131,7597000.0,Professionnel,2024-12-03,0
00Q0002913,Purchased List,Education,Individual Contributor,Germany,52,2071000.0,Professionnel,2025-03-16,0
00Q0002914,Trade Show,Construction,Manager,UAE,68,861000.0,Personnel,2024-10-09,1
00Q0002915,Social Media,Engineering,Manager,France,146,5094000.0,Personnel,2025-04-27,0
00Q0002916,Webinar,Transportation,Team Lead,Italy,68,1866000.0,Personnel,2026-02-12,0
00Q0002917,Web,Manufacturing,Intern,USA,36,1644000.0,Personnel,2026-07-23,0
00Q0002918,Advertisement,Environmental,Senior Manager,Italy,59,4006000.0,Personnel,2024-12-21,0
00Q0002919,Public Relations,Not For Profit,Team Lead,Morocco,59,1373000.0,Professionnel,2025-10-08,0
00Q0002920,Web,Recreation,Senior Manager,India,234,9380000.0,Professionnel,2026-03-13,0
00Q0002921,Advertisement,Retail,Manager,France,147,20235000.0,Professionnel,2024-09-24,0
00Q0002922,Public Relations,Media,Manager,Morocco,102,10419000.0,Professionnel,2026-04-09,0
00Q0002923,Phone Inquiry,Retail,Individual Contributor,Germany,137,4497000.0,Personnel,2025-11-08,0
00Q0002924,Partner Referral,Consulting,Individual Contributor,UK,64,3433000.0,Personnel,2025-07-02,0
00Q0002925,Purchased List,Retail,Manager,France,70,3752000.0,Personnel,2024-10-14,0
00Q0002926,Web,Technology,Team Lead,USA,129,9894000.0,Professionnel,2025-04-14,0
00Q0002927,Trade Show,Transportation,Individual Contributor,France,17,1515000.0,Professionnel,2025-07-02,0
00Q0002928,Trade Show,Retail,Team Lead,Germany,102,4553000.0,Professionnel,2024-12-31,1
00Q0002929,Trade Show,Technology,VP,USA,21,1408000.0,Professionnel,2025-09-17,1
00Q0002930,Phone Inquiry,Finance,Individual Contributor,France,475,23079000.0,Professionnel,2025-02-01,0
00Q0002931,Purchased List,Consulting,Senior Manager,UK,8,1117000.0,Professionnel,2026-01-12,0
00Q0002932,Webinar,Government,VP,Morocco,24,4821000.0,Personnel,2025-05-19,1
00Q0002933,Advertisement,Government,Team Lead,France,60,3099000.0,Professionnel,2024-11-16,0
00Q0002934,Public Relations,Environmental,Manager,Netherlands,52,2718000.0,Professionnel,2026-01-14,1
00Q0002935,Employee Referral,Energy,VP,USA,99,3029000.0,Professionnel,2025-03-15,1
00Q0002936,Web,Healthcare,Director,Canada,451,57748000.0,Professionnel,2025-12-03,1
00Q0002937,Webinar,Banking,VP,UAE,81,1621000.0,Personnel,2026-01-05,0
00Q0002938,Web,Construction,Manager,UAE,14,587000.0,Personnel,2025-10-27,0
00Q0002939,Social Media,Consulting,Team Lead,Canada,51,1538000.0,Personnel,2026-06-16,0
00Q0002940,Social Media,Agriculture,C-Level,India,48,6144000.0,Professionnel,2026-08-20,0
00Q0002941,Web,Chemicals,Manager,Netherlands,80,8320000.0,Professionnel,2026-04-10,0
00Q0002942,Purchased List,Manufacturing,Director,Germany,5,311000.0,Personnel,2025-01-18,0
00Q0002943,Email Campaign,Not For Profit,Manager,France,25,1249000.0,Professionnel,2026-01-12,0
00Q0002944,Webinar,Not For Profit,Senior Manager,UAE,121,18218000.0,Professionnel,2026-03-06,0
00Q0002945,Web,Consulting,C-Level,France,26,941000.0,Personnel,2025-08-28,0
00Q0002946,Purchased List,Hospitality,Individual Contributor,Spain,66,1297000.0,Professionnel,2024-10-09,0
00Q0002947,Social Media,Technology,VP,India,97,5779000.0,Professionnel,2025-02-23,1
00Q0002948,Trade Show,Manufacturing,Team Lead,Morocco,13,1207000.0,Personnel,2026-08-05,1
00Q0002949,Webinar,Insurance,Team Lead,UK,159,18703000.0,Personnel,2026-04-22,1
00Q0002950,Advertisement,Communications,Individual Contributor,Morocco,62,3034000.0,Professionnel,2025-04-11,0
00Q0002951,Purchased List,Technology,Senior Manager,Morocco,136,9731000.0,Personnel,2026-08-03,0
00Q0002952,Partner Referral,Retail,Manager,USA,166,9391000.0,Professionnel,2026-07-31,1
00Q0002953,Phone Inquiry,Manufacturing,Manager,USA,60,3250000.0,Professionnel,2025-04-16,0
00Q0002954,Trade Show,Retail,Individual Contributor,UK,551,14570000.0,Professionnel,2026-06-15,1
00Q0002955,Trade Show,Telecommunications,Director,India,114,5270000.0,Professionnel,2025-09-10,1
00Q0002956,Trade Show,Chemicals,Individual Contributor,Canada,11,724000.0,Personnel,2025-09-29,0
00Q0002957,Web,Finance,VP,USA,99,7320000.0,Personnel,2026-05-08,0
00Q0002958,Public Relations,Manufacturing,Director,USA,18,513000.0,Professionnel,2026-07-31,1
00Q0002959,Purchased List,Education,Intern,Morocco,876,38555000.0,Personnel,2026-07-01,0
00Q0002960,Purchased List,Finance,Director,USA,7,232000.0,Personnel,2025-08-29,0
00Q0002961,Social Media,Electronics,Individual Contributor,Netherlands,9,608000.0,Professionnel,2025-05-31,0
00Q0002962,Advertisement,Education,Senior Manager,France,1142,53370000.0,Professionnel,2026-07-27,0
00Q0002963,Public Relations,Technology,Manager,Canada,208,11357000.0,Personnel,2024-11-21,0
00Q0002964,Employee Referral,Chemicals,Senior Manager,UK,89,999000.0,Personnel,2025-05-24,0
00Q0002965,Advertisement,Construction,Director,UK,35,1463000.0,Professionnel,2025-05-05,0
00Q0002966,Webinar,Machinery,Director,Germany,31,4229000.0,Professionnel,2024-12-11,1
00Q0002967,Purchased List,Technology,Director,USA,51,3702000.0,Professionnel,2026-03-17,0
00Q0002968,Partner Referral,Manufacturing,VP,USA,54,2769000.0,Professionnel,2026-07-05,1
00Q0002969,Webinar,Retail,Manager,France,67,2276000.0,Professionnel,2024-12-19,1
00Q0002970,Purchased List,Energy,VP,France,63,2943000.0,Personnel,2026-09-14,0
00Q0002971,Trade Show,Food & Beverage,Manager,Germany,374,6231000.0,Professionnel,2024-10-01,0
00Q0002972,Advertisement,Finance,Director,USA,45,2459000.0,Professionnel,2026-04-16,1
00Q0002973,Trade Show,Retail,Senior Manager,India,310,29090000.0,Professionnel,2025-11-17,1
00Q0002974,Cold Call,Manufacturing,Team Lead,USA,30,3341000.0,Professionnel,2026-02-17,0
00Q0002975,Email Campaign,Manufacturing,Director,Germany,102,2127000.0,Professionnel,2026-05-29,0
00Q0002976,Cold Call,Hospitality,Director,USA,109,12662000.0,Personnel,2026-01-15,0
00Q0002977,Web,Retail,C-Level,Canada,24,1716000.0,Personnel,2025-08-18,0
00Q0002978,Email Campaign,Shipping,Manager,France,88,2590000.0,Personnel,2025-03-07,0
00Q0002979,Web,Technology,Manager,UK,19,614000.0,Professionnel,2025-05-08,0
00Q0002980,Advertisement,Consulting,VP,Canada,13,860000.0,Professionnel,2026-07-28,0
00Q0002981,Purchased List,Utilities,Team Lead,UK,1616,492625000.0,Personnel,2025-07-31,0
00Q0002982,Social Media,Insurance,Individual Contributor,USA,576,37249000.0,Professionnel,2025-08-05,1
00Q0002983,Email Campaign,Education,Individual Contributor,Canada,164,3507000.0,Professionnel,2025-04-20,0
00Q0002984,Purchased List,Finance,VP,USA,30,2781000.0,Professionnel,2025-01-06,1
00Q0002985,Purchased List,Technology,Individual Contributor,India,178,18188000.0,Personnel,2025-06-08,0
00Q0002986,Purchased List,Hospitality,Director,USA,98,3850000.0,Professionnel,2024-10-09,0
00Q0002987,Email Campaign,Construction,Manager,Germany,185,8269000.0,Professionnel,2025-10-25,0
00Q0002988,Webinar,Not For Profit,Individual Contributor,Morocco,175,15261000.0,Professionnel,2024-11-29,0
00Q0002989,Web,Energy,Manager,Canada,95,8777000.0,Professionnel,2024-12-05,1
00Q0002990,Phone Inquiry,Transportation,Director,Netherlands,891,46656000.0,Professionnel,2025-01-09,0
00Q0002991,Web,Healthcare,C-Level,UAE,150,13409000.0,Professionnel,2026-05-02,1
00Q0002992,Web,Construction,Team Lead,UK,200,8750000.0,Professionnel,2025-08-18,0
00Q0002993,Employee Referral,Retail,Director,Germany,48,4412000.0,Professionnel,2025-07-12,0
00Q0002994,Trade Show,Government,Manager,India,56,2434000.0,Professionnel,2026-01-22,0
00Q0002995,Purchased List,Insurance,Manager,UK,230,12048000.0,Professionnel,2026-01-02,0
00Q0002996,Phone Inquiry,Media,VP,France,54,1894000.0,Professionnel,2025-11-02,1
00Q0002997,Social Media,Education,Senior Manager,Morocco,35,2451000.0,Personnel,2026-04-18,0
00Q0002998,Web,Construction,Manager,France,126,2715000.0,Professionnel,2026-06-24,0
00Q0002999,Web,Transportation,Manager,France,49,2778000.0,Professionnel,2025-08-04,0
